supplier_name,industry
万马科技股份有限公司,电子元器件
TCL中环新能源科技股份有限公司,半导体
一汽解放集团股份有限公司,汽车零部件
七丰精工科技股份有限公司,机械设备
上海众辰电子科技股份有限公司,工业自动化
三川智慧科技股份有限公司,仪器仪表与传感器
万控智造股份有限公司,电气设备
上海市翔丰华科技股份有限公司,光伏、储能与新能源设备
三祥新材股份有限公司,金属与基础材料
万凯新材料股份有限公司,化工与新材料
三力士股份有限公司,橡胶与塑料制品
上海凯赛生物技术股份有限公司,纺织与工业用布
上海凯利泰医疗科技股份有限公司,医疗器械
一品红药业集团股份有限公司,医药与原料药制造
上海翔港包装科技股份有限公司,包装、纸制品与印刷材料
三未信安科技股份有限公司,电子元器件
TCL科技集团股份有限公司,半导体
万向钱潮股份公司,汽车零部件
万向新元科技股份有限公司,机械设备
上海威贸电子股份有限公司,工业自动化
上海博迅医疗生物仪器股份有限公司,仪器仪表与传感器
三一重能股份有限公司,电气设备
上海普利特复合材料股份有限公司,光伏、储能与新能源设备
上海中洲特种合金材料股份有限公司,金属与基础材料
万华化学集团股份有限公司,化工与新材料
三维控股集团股份有限公司,橡胶与塑料制品
上海嘉麟杰纺织品股份有限公司,纺织与工业用布
上海康德莱企业发展集团股份有限公司,医疗器械
万泽实业股份有限公司,医药与原料药制造
上海艾录包装股份有限公司,包装、纸制品与印刷材料
上海剑桥科技股份有限公司,电子元器件
三安光电股份有限公司,半导体
万通智控科技股份有限公司,汽车零部件
三一重工股份有限公司,机械设备
上海步科自动化股份有限公司,工业自动化
上海威尔泰工业自动化股份有限公司,仪器仪表与传感器
三友联众集团股份有限公司,电气设备
上海欧普泰科技创业股份有限公司,光伏、储能与新能源设备
上海华峰铝业股份有限公司,金属与基础材料
三棵树涂料股份有限公司,化工与新材料
三角轮胎股份有限公司,橡胶与塑料制品
上海水星家用纺织品股份有限公司,纺织与工业用布
上海微创心脉医疗科技(集团)股份有限公司,医疗器械
万邦德医药控股集团股份有限公司,医药与原料药制造
上海顺灏新材料科技股份有限公司,包装、纸制品与印刷材料
上海华测导航技术股份有限公司,电子元器件
上海华岭集成电路技术股份有限公司,半导体
上海保隆汽车科技股份有限公司,汽车零部件
三丰智能装备集团股份有限公司,机械设备
上海电气集团股份有限公司,工业自动化
上海宏英智能科技股份有限公司,仪器仪表与传感器
三变科技股份有限公司,电气设备
上海派能能源科技股份有限公司,光伏、储能与新能源设备
上海宝钢包装股份有限公司,金属与基础材料
上海保立佳化工股份有限公司,化工与新材料
上海亚虹模具股份有限公司,橡胶与塑料制品
上海璞源化学材料集团股份有限公司,纺织与工业用布
上海微创电生理医疗科技股份有限公司,医疗器械
三生国健药业(上海)股份有限公司,医药与原料药制造
东港股份有限公司,包装、纸制品与印刷材料
上海司南导航技术股份有限公司,电子元器件
上海合晶硅材料股份有限公司,半导体
上海凯众材料科技股份有限公司,汽车零部件
三河同飞制冷股份有限公司,机械设备
临海市新睿电子科技股份有限公司,工业自动化
上海海希工业通讯股份有限公司,仪器仪表与传感器
上海儒竞科技股份有限公司,电气设备
上海爱旭新能源股份有限公司,光伏、储能与新能源设备
上海悦心健康集团股份有限公司,金属与基础材料
上海华谊集团股份有限公司,化工与新材料
上海华峰超纤科技股份有限公司,橡胶与塑料制品
上海申达股份有限公司,纺织与工业用布
上海昊海生物科技股份有限公司,医疗器械
上海之江生物科技股份有限公司,医药与原料药制造
中冶美利云产业投资股份有限公司,包装、纸制品与印刷材料
上海徕木电子股份有限公司,电子元器件
上海和辉光电股份有限公司,半导体
上海加冷松芝汽车空调股份有限公司,汽车零部件
三诺生物传感股份有限公司,机械设备
北京金自天正智能控制股份有限公司,工业自动化
上海真兰仪表科技股份有限公司,仪器仪表与传感器
上海宏力达信息技术股份有限公司,电气设备
上海璞泰来新能源科技集团股份有限公司,光伏、储能与新能源设备
上海永茂泰汽车科技股份有限公司,金属与基础材料
上海安诺其集团股份有限公司,化工与新材料
上海唯万密封科技股份有限公司,橡胶与塑料制品
上海美特斯邦威服饰股份有限公司,纺织与工业用布
上海联影医疗科技股份有限公司,医疗器械
上海仁度生物科技股份有限公司,医药与原料药制造
中荣印刷集团股份有限公司,包装、纸制品与印刷材料
上海瀚讯信息技术股份有限公司,电子元器件
上海复旦微电子集团股份有限公司,半导体
上海北特科技集团股份有限公司,汽车零部件
三达膜环境技术股份有限公司,机械设备
四川德恩精工科技股份有限公司,工业自动化
上海维宏电子科技股份有限公司,仪器仪表与传感器
上海广电电气(集团)股份有限公司,电气设备
上海科泰电源股份有限公司,光伏、储能与新能源设备
上海耀皮玻璃集团股份有限公司,金属与基础材料
上海宏达新材料股份有限公司,化工与新材料
上海永利带业股份有限公司,橡胶与塑料制品
上海龙头(集团)股份有限公司,纺织与工业用布
上海辰光医疗科技股份有限公司,医疗器械
上海凯宝药业股份有限公司,医药与原料药制造
中顺洁柔纸业股份有限公司,包装、纸制品与印刷材料
上海矩子科技股份有限公司,电子元器件
上海天承科技股份有限公司,半导体
上海华培数能科技(集团)股份有限公司,汽车零部件
三门三友科技股份有限公司,机械设备
国电南京自动化股份有限公司,工业自动化
优利德科技(中国)股份有限公司,仪器仪表与传感器
上海摩恩电气股份有限公司,电气设备
上海航天汽车机电股份有限公司,光伏、储能与新能源设备
上海阿为特精密机械股份有限公司,金属与基础材料
上海家化联合股份有限公司,化工与新材料
上海海优威新材料股份有限公司,橡胶与塑料制品
中复神鹰碳纤维股份有限公司,纺织与工业用布
健尔康医疗科技股份有限公司,医疗器械
上海君实生物医药科技股份有限公司,医药与原料药制造
五洲特种纸业集团股份有限公司,包装、纸制品与印刷材料
上海移为通信技术股份有限公司,电子元器件
上海安路信息科技股份有限公司,半导体
上海友升铝业股份有限公司,汽车零部件
上工申贝(集团)股份有限公司,机械设备
埃夫特智能机器人股份有限公司,工业自动化
佛山市南华仪器股份有限公司,仪器仪表与传感器
上海柘中集团股份有限公司,电气设备
东方日升新能源股份有限公司,光伏、储能与新能源设备
东江环保股份有限公司,金属与基础材料
上海康鹏科技股份有限公司,化工与新材料
上海紫江企业集团股份有限公司,橡胶与塑料制品
中简科技股份有限公司,纺织与工业用布
健帆生物科技集团股份有限公司,医疗器械
上海复旦复华科技股份有限公司,医药与原料药制造
仙鹤股份有限公司,包装、纸制品与印刷材料
上海移远通信技术股份有限公司,电子元器件
上海新阳半导体材料股份有限公司,半导体
上海岱美汽车内饰件股份有限公司,汽车零部件
上海三友医疗器械股份有限公司,机械设备
宁夏巨能机器人股份有限公司,工业自动化
兆易创新科技集团股份有限公司,仪器仪表与传感器
上海海得控制系统股份有限公司,电气设备
中亿丰罗普斯金材料科技股份有限公司,光伏、储能与新能源设备
东睦新材料集团股份有限公司,金属与基础材料
上海晶华胶粘新材料股份有限公司,化工与新材料
上海纳尔实业股份有限公司,橡胶与塑料制品
九牧王股份有限公司,纺织与工业用布
冠昊生物科技股份有限公司,医疗器械
上海复旦张江生物医药股份有限公司,医药与原料药制造
北京盛通印刷股份有限公司,包装、纸制品与印刷材料
上海阿莱德实业集团股份有限公司,电子元器件
上海正帆科技股份有限公司,半导体
上海新朋实业股份有限公司,汽车零部件
上海健麾信息技术股份有限公司,机械设备
宁波均普智能制造股份有限公司,工业自动化
创远信科(上海)技术股份有限公司,仪器仪表与传感器
上海良信电器股份有限公司,电气设备
中伟新材料股份有限公司,光伏、储能与新能源设备
东莞宏远工业区股份有限公司,金属与基础材料
上海氯碱化工股份有限公司,化工与新材料
上海肇民新材料科技股份有限公司,橡胶与塑料制品
众望布艺股份有限公司,纺织与工业用布
北京万东医疗科技股份有限公司,医疗器械
上海复星医药(集团)股份有限公司,医药与原料药制造
厦门合兴包装印刷股份有限公司,包装、纸制品与印刷材料
上海龙旗科技股份有限公司,电子元器件
上海盛剑科技股份有限公司,半导体
上海毓恬冠佳科技股份有限公司,汽车零部件
上海先惠自动化技术股份有限公司,机械设备
广东拓斯达科技股份有限公司,工业自动化
力合科技(湖南)股份有限公司,仪器仪表与传感器
上海荣泰健康科技股份有限公司,电气设备
中南红文化集团股份有限公司,光伏、储能与新能源设备
东莞宜安科技股份有限公司,金属与基础材料
上海永冠众诚新材料科技(集团)股份有限公司,化工与新材料
中仑新材料股份有限公司,橡胶与塑料制品
优彩环保资源科技股份有限公司,纺织与工业用布
北京佰仁医疗科技股份有限公司,医疗器械
上海宣泰医药科技股份有限公司,医药与原料药制造
厦门安妮股份有限公司,包装、纸制品与印刷材料
东信和平科技股份有限公司,电子元器件
上海硅产业集团股份有限公司,半导体
上海汽车空调配件股份有限公司,汽车零部件
上海克来机电自动化工程股份有限公司,机械设备
广州思林杰科技股份有限公司,工业自动化
北京天玛智控科技股份有限公司,仪器仪表与传感器
上海起帆电缆股份有限公司,电气设备
中国南玻集团股份有限公司,光伏、储能与新能源设备
东莞金太阳研磨股份有限公司,金属与基础材料
上海汇得科技股份有限公司,化工与新材料
中策橡胶集团股份有限公司,橡胶与塑料制品
北京同益中新材料科技股份有限公司,纺织与工业用布
北京博晖创新生物技术集团股份有限公司,医疗器械
上海小方制药股份有限公司,医药与原料药制造
合肥恒鑫生活科技股份有限公司,包装、纸制品与印刷材料
东方通信股份有限公司,电子元器件
上海至纯洁净系统科技股份有限公司,半导体
上海汽车集团股份有限公司,汽车零部件
上海冠龙阀门节能设备股份有限公司,机械设备
无锡信捷电气股份有限公司,工业自动化
北京康斯特仪表科技股份有限公司,仪器仪表与传感器
上海飞乐音响股份有限公司,电气设备
中材科技股份有限公司,光伏、储能与新能源设备
中信泰富特钢集团股份有限公司,金属与基础材料
上海金力泰化工股份有限公司,化工与新材料
中红普林医疗用品股份有限公司,橡胶与塑料制品
北京嘉曼服饰股份有限公司,纺织与工业用布
北京市春立正达医疗器械股份有限公司,医疗器械
上海海利生物技术股份有限公司,医药与原料药制造
四川金时科技股份有限公司,包装、纸制品与印刷材料
东莞市奥海科技股份有限公司,电子元器件
上海艾为电子技术股份有限公司,半导体
上海沿浦精工科技(集团)股份有限公司,汽车零部件
上海凤凰企业(集团)股份有限公司,机械设备
杭州凯尔达焊接机器人股份有限公司,工业自动化
北京必创科技股份有限公司,仪器仪表与传感器
上海飞科电器股份有限公司,电气设备
中矿资源集团股份有限公司,光伏、储能与新能源设备
中再资源环境股份有限公司,金属与基础材料
上海雅运纺织化工股份有限公司,化工与新材料
中裕软管科技股份有限公司,橡胶与塑料制品
华孚时尚股份有限公司,纺织与工业用布
南京麦澜德医疗科技股份有限公司,医疗器械
上海海欣集团股份有限公司,医药与原料药制造
安徽强邦新材料股份有限公司,包装、纸制品与印刷材料
东莞市宇瞳光学科技股份有限公司,电子元器件
上海芯导电子科技股份有限公司,半导体
上海维科精密模塑股份有限公司,汽车零部件
上海创力集团股份有限公司,机械设备
武汉华中数控股份有限公司,工业自动化
北京恒合信业技术股份有限公司,仪器仪表与传感器
上海鸣志电器股份有限公司,电气设备
乐凯胶片股份有限公司,光伏、储能与新能源设备
中和上大航空材料股份有限公司,金属与基础材料
上纬新材料科技股份有限公司,化工与新材料
会通新材料股份有限公司,橡胶与塑料制品
华峰化学股份有限公司,纺织与工业用布
南微医学科技股份有限公司,医疗器械
上海海顺新型药用包装材料股份有限公司,医药与原料药制造
安徽林平循环发展股份有限公司,包装、纸制品与印刷材料
东莞市达瑞电子股份有限公司,电子元器件
上海贝岭股份有限公司,半导体
上海联明机械股份有限公司,汽车零部件
上海华依科技集团股份有限公司,机械设备
沈阳新松机器人自动化股份有限公司,工业自动化
北京煜邦电力技术股份有限公司,仪器仪表与传感器
上能电气股份有限公司,电气设备
云南恩捷新材料(集团)股份有限公司,光伏、储能与新能源设备
中国北方稀土(集团)高科技股份有限公司,金属与基础材料
东来涂料技术(上海)股份有限公司,化工与新材料
佛山佛塑科技集团股份有限公司,橡胶与塑料制品
华纺股份有限公司,纺织与工业用布
可孚医疗科技股份有限公司,医疗器械
上海现代制药股份有限公司,医药与原料药制造
安徽集友新材料股份有限公司,包装、纸制品与印刷材料
东莞市鼎通精密科技股份有限公司,电子元器件
上海飞凯材料科技股份有限公司,半导体
上海通领汽车科技股份有限公司,汽车零部件
上海华铭智能终端设备股份有限公司,机械设备
派斯林数字科技股份有限公司,工业自动化
北京莱伯泰科仪器股份有限公司,仪器仪表与传感器
东南电子股份有限公司,电气设备
五矿新能源材料(湖南)股份有限公司,光伏、储能与新能源设备
中国国际海运集装箱(集团)股份有限公司,金属与基础材料
东莞市汉维科技股份有限公司,化工与新材料
佳通轮胎股份有限公司,橡胶与塑料制品
南京化纤股份有限公司,纺织与工业用布
哈尔滨敷尔佳科技股份有限公司,医疗器械
上海盟科药业股份有限公司,医药与原料药制造
宜宾纸业股份有限公司,包装、纸制品与印刷材料
东莞捷荣技术股份有限公司,电子元器件
东芯半导体股份有限公司,半导体
东风汽车股份有限公司,汽车零部件
上海卓然工程技术股份有限公司,机械设备
浙江禾川科技股份有限公司,工业自动化
北京雪迪龙科技股份有限公司,仪器仪表与传感器
东莞勤上光电股份有限公司,电气设备
亿晶光电科技股份有限公司,光伏、储能与新能源设备
中国巨石股份有限公司,金属与基础材料
东莞长联新材料科技股份有限公司,化工与新材料
元创科技股份有限公司,橡胶与塑料制品
厦门延江新材料股份有限公司,纺织与工业用布
奥精医疗科技股份有限公司,医疗器械
上海睿昂基因科技股份有限公司,医药与原料药制造
山东华泰纸业股份有限公司,包装、纸制品与印刷材料
东莞铭普光磁股份有限公司,电子元器件
中微半导体(深圳)股份有限公司,半导体
东风电子科技股份有限公司,汽车零部件
上海博隆装备技术股份有限公司,机械设备
深圳市核达中远通电源技术股份有限公司,工业自动化
南京新联电子股份有限公司,仪器仪表与传感器
中国西电电气股份有限公司,电气设备
公元股份有限公司,光伏、储能与新能源设备
中国稀土集团资源科技股份有限公司,金属与基础材料
中化国际(控股)股份有限公司,化工与新材料
南京沪江复合材料股份有限公司,橡胶与塑料制品
吉林化纤股份有限公司,纺织与工业用布
宁波天益医疗器械股份有限公司,医疗器械
上海神奇制药投资管理股份有限公司,医药与原料药制造
山东博汇纸业股份有限公司,包装、纸制品与印刷材料
中信科移动通信技术股份有限公司,电子元器件
中微半导体设备(上海)股份有限公司,半导体
中原内配集团股份有限公司,汽车零部件
上海古鳌电子科技股份有限公司,机械设备
深圳市正弦电气股份有限公司,工业自动化
南京波长光电科技股份有限公司,仪器仪表与传感器
中山大洋电机股份有限公司,电气设备
兰州兰石重型装备股份有限公司,光伏、储能与新能源设备
中国铝业股份有限公司,金属与基础材料
中国石化上海石油化工股份有限公司,化工与新材料
南京聚隆科技股份有限公司,橡胶与塑料制品
吉林碳谷碳纤维股份有限公司,纺织与工业用布
宁波戴维医疗器械股份有限公司,医疗器械
上海科华生物工程股份有限公司,医药与原料药制造
山东太阳纸业股份有限公司,包装、纸制品与印刷材料
中光学集团股份有限公司,电子元器件
中电科芯片技术股份有限公司,半导体
中国重汽集团济南卡车股份有限公司,汽车零部件
上海唯赛勃新材料股份有限公司,机械设备
深圳市蓝海华腾技术股份有限公司,工业自动化
南京灿能电力自动化股份有限公司,仪器仪表与传感器
中电电机股份有限公司,电气设备
内蒙古欧晶科技股份有限公司,光伏、储能与新能源设备
中建西部建设股份有限公司,金属与基础材料
中广核核技术发展股份有限公司,化工与新材料
南京肯特复合材料股份有限公司,橡胶与塑料制品
四川浪莎控股股份有限公司,纺织与工业用布
安徽宏宇五洲医疗器械股份有限公司,医疗器械
上海艾力斯医药科技股份有限公司,医药与原料药制造
山东新巨丰科技包装股份有限公司,包装、纸制品与印刷材料
中兴通讯股份有限公司,电子元器件
中颖电子股份有限公司,半导体
中通客车股份有限公司,汽车零部件
上海复洁科技股份有限公司,机械设备
深圳市金奥博科技股份有限公司,工业自动化
南京茂莱光学科技股份有限公司,仪器仪表与传感器
中能电气股份有限公司,电气设备
冠城大通新材料股份有限公司,光伏、储能与新能源设备
中钢洛耐科技股份有限公司,金属与基础材料
中盐内蒙古化工股份有限公司,化工与新材料
南通通易航天科技股份有限公司,橡胶与塑料制品
地素时尚股份有限公司,纺织与工业用布
山东威高骨科材料股份有限公司,医疗器械
上海莱士血液制品股份有限公司,医药与原料药制造
山东晨鸣纸业集团股份有限公司,包装、纸制品与印刷材料
中国东方红卫星股份有限公司,电子元器件
京东方华灿光电股份有限公司,半导体
中集车辆(集团)股份有限公司,汽车零部件
上海天永智能装备股份有限公司,机械设备
深圳科瑞技术股份有限公司,工业自动化
南京高华科技股份有限公司,仪器仪表与传感器
中辰电缆股份有限公司,电气设备
凤凰光学股份有限公司,光伏、储能与新能源设备
中钨高新材料股份有限公司,金属与基础材料
中盐安徽红四方肥业股份有限公司,化工与新材料
厦门唯科模塑科技股份有限公司,橡胶与塑料制品
威海光威复合材料股份有限公司,纺织与工业用布
山东新华医疗器械股份有限公司,医疗器械
上海谊众药业股份有限公司,医药与原料药制造
山鹰国际控股股份公司,包装、纸制品与印刷材料
中国振华(集团)科技股份有限公司,电子元器件
优德精密工业(昆山)股份有限公司,半导体
亚普汽车部件股份有限公司,汽车零部件
上海威派格智慧水务股份有限公司,机械设备
深圳麦格米特电气股份有限公司,工业自动化
合肥埃科光电科技股份有限公司,仪器仪表与传感器
久盛电气股份有限公司,电气设备
力佳电源科技(湖北)股份有限公司,光伏、储能与新能源设备
中铁装配式建筑股份有限公司,金属与基础材料
中粮生物科技股份有限公司,化工与新材料
厦门建霖智慧家居股份有限公司,橡胶与塑料制品
孚日集团股份有限公司,纺织与工业用布
广东宝莱特医用科技股份有限公司,医疗器械
上海赛伦生物技术股份有限公司,医药与原料药制造
岳阳林纸股份有限公司,包装、纸制品与印刷材料
中国船舶重工集团海洋防务与信息对抗股份有限公司,电子元器件
佛山市联动科技股份有限公司,半导体
众泰汽车股份有限公司,汽车零部件
上海巴兰仕汽车检测设备股份有限公司,机械设备
爱仕达股份有限公司,工业自动化
四川安控科技股份有限公司,仪器仪表与传感器
九阳股份有限公司,电气设备
北京亿华通科技股份有限公司,光伏、储能与新能源设备
云南临沧鑫圆锗业股份有限公司,金属与基础材料
中自科技股份有限公司,化工与新材料
厦门松霖科技股份有限公司,橡胶与塑料制品
宁波先锋新材料股份有限公司,纺织与工业用布
广州维力医疗器械股份有限公司,医疗器械
上海透景生命科技股份有限公司,医药与原料药制造
广东冠豪高新技术股份有限公司,包装、纸制品与印刷材料
中国长城科技集团股份有限公司,电子元器件
佛山市蓝箭电子股份有限公司,半导体
保定市东利机械制造股份有限公司,汽车零部件
上海振华重工(集团)股份有限公司,机械设备
珠海博杰电子股份有限公司,工业自动化
四方光电股份有限公司,仪器仪表与传感器
伊戈尔电气股份有限公司,电气设备
北京合康新能科技股份有限公司,光伏、储能与新能源设备
云南省贵金属新材料控股集团股份有限公司,金属与基础材料
中节能万润股份有限公司,化工与新材料
厦门瑞尔特卫浴科技股份有限公司,橡胶与塑料制品
宁波太平鸟时尚服饰股份有限公司,纺织与工业用布
广州迈普再生医学科技股份有限公司,医疗器械
东北制药集团股份有限公司,医药与原料药制造
广东天元实业集团股份有限公司,包装、纸制品与印刷材料
中山联合光电科技股份有限公司,电子元器件
光力科技股份有限公司,半导体
信质集团股份有限公司,汽车零部件
上海新动力汽车科技股份有限公司,机械设备
福建睿能科技股份有限公司,工业自动化
固高科技股份有限公司,仪器仪表与传感器
佛山电器照明股份有限公司,电气设备
北京天宜上佳高新材料股份有限公司,光伏、储能与新能源设备
云南罗平锌电股份有限公司,金属与基础材料
中触媒新材料股份有限公司,化工与新材料
合肥科拜尔新材料股份有限公司,橡胶与塑料制品
安徽华茂纺织股份有限公司,纺织与工业用布
惠州市锦好医疗科技股份有限公司,医疗器械
东阿阿胶股份有限公司,医药与原料药制造
广东新宏泽包装股份有限公司,包装、纸制品与印刷材料
中巨芯科技股份有限公司,电子元器件
北京京仪自动化装备技术股份有限公司,半导体
兴民智通(集团)股份有限公司,汽车零部件
上海新时达电气股份有限公司,机械设备
科德数控股份有限公司,工业自动化
基康技术股份有限公司,仪器仪表与传感器
保定天威保变电气股份有限公司,电气设备
北京海博思创科技股份有限公司,光伏、储能与新能源设备
云南铜业股份有限公司,金属与基础材料
中钢天源股份有限公司,化工与新材料
四川川环科技股份有限公司,橡胶与塑料制品
安徽金春无纺布股份有限公司,纺织与工业用布
无锡祥生医疗科技股份有限公司,医疗器械
中源协和细胞基因工程股份有限公司,医药与原料药制造
广东松炀再生资源股份有限公司,包装、纸制品与印刷材料
中航光电科技股份有限公司,电子元器件
北京元六鸿远电子科技股份有限公司,半导体
凌云工业股份有限公司,汽车零部件
上海机电股份有限公司,机械设备
秦川机床工具集团股份公司,工业自动化
威海市天罡仪表股份有限公司,仪器仪表与传感器
八方电气(苏州)股份有限公司,电气设备
协鑫集成科技股份有限公司,光伏、储能与新能源设备
云南铝业股份有限公司,金属与基础材料
九江善水科技股份有限公司,化工与新材料
天津鹏翎集团股份有限公司,橡胶与塑料制品
安正时尚集团股份有限公司,纺织与工业用布
昆山科森科技股份有限公司,医疗器械
中牧实业股份有限公司,医药与原料药制造
昆山佳合纸制品科技股份有限公司,包装、纸制品与印刷材料
中航富士达科技股份有限公司,电子元器件
北京北斗星通导航技术股份有限公司,半导体
北京峰璟汽车零部件股份有限公司,汽车零部件
上海汉钟精机股份有限公司,机械设备
苏州伟创电气科技股份有限公司,工业自动化
宁波三星医疗电气股份有限公司,仪器仪表与传感器
公牛集团股份有限公司,电气设备
南京普天通信股份有限公司,光伏、储能与新能源设备
云南锡业股份有限公司,金属与基础材料
云南云天化股份有限公司,化工与新材料
宁波利安科技股份有限公司,橡胶与塑料制品
宏达高科控股股份有限公司,纺织与工业用布
普昂(杭州)医疗科技股份有限公司,医疗器械
丹娜(天津)生物科技股份有限公司,医药与原料药制造
杭州华旺新材料科技股份有限公司,包装、纸制品与印刷材料
中航成飞股份有限公司,电子元器件
北京华峰测控技术股份有限公司,半导体
北汽福田汽车股份有限公司,汽车零部件
上海沪工焊接集团股份有限公司,机械设备
宁波弘讯科技股份有限公司,仪器仪表与传感器
兰州长城电工股份有限公司,电气设备
卧龙电气驱动集团股份有限公司,光伏、储能与新能源设备
云南驰宏锌锗股份有限公司,金属与基础材料
云南煤业能源股份有限公司,化工与新材料
宁波喜悦智行科技股份有限公司,橡胶与塑料制品
山东南山智尚科技股份有限公司,纺织与工业用布
汕头市超声仪器研究所股份有限公司,医疗器械
丽珠医药集团股份有限公司,医药与原料药制造
杭州可靠护理用品股份有限公司,包装、纸制品与印刷材料
中船(邯郸)派瑞特种气体股份有限公司,电子元器件
北京君正集成电路股份有限公司,半导体
北汽蓝谷新能源科技股份有限公司,汽车零部件
上海海立(集团)股份有限公司,机械设备
宁波新芝生物科技股份有限公司,仪器仪表与传感器
北京京运通科技股份有限公司,电气设备
厦门厦钨新能源材料股份有限公司,光伏、储能与新能源设备
内蒙古包钢钢联股份有限公司,金属与基础材料
云南贝泰妮生物科技集团股份有限公司,化工与新材料
宁波天龙电子股份有限公司,橡胶与塑料制品
山东如意毛纺服装集团股份有限公司,纺织与工业用布
江苏东星智慧医疗科技股份有限公司,医疗器械
九芝堂股份有限公司,医药与原料药制造
杭州豪悦护理用品股份有限公司,包装、纸制品与印刷材料
中船汉光科技股份有限公司,电子元器件
北京屹唐半导体科技股份有限公司,半导体
十堰市泰祥实业股份有限公司,汽车零部件
上海澳华内镜股份有限公司,机械设备
宁波柯力传感科技股份有限公司,仪器仪表与传感器
北京利仁科技股份有限公司,电气设备
双良节能系统股份有限公司,光伏、储能与新能源设备
内蒙古鄂尔多斯资源股份有限公司,金属与基础材料
亚士创能科技(上海)股份有限公司,化工与新材料
宁波家联科技股份有限公司,橡胶与塑料制品
山东玉马遮阳科技股份有限公司,纺织与工业用布
江苏天瑞仪器股份有限公司,医疗器械
云南沃森生物技术股份有限公司,医药与原料药制造
森林包装集团股份有限公司,包装、纸制品与印刷材料
中际旭创股份有限公司,电子元器件
北京昂瑞微电子技术股份有限公司,半导体
华域汽车系统股份有限公司,汽车零部件
上海瑞晨环保科技股份有限公司,机械设备
宁波水表(集团)股份有限公司,仪器仪表与传感器
北京双杰电气股份有限公司,电气设备
合纵科技股份有限公司,光伏、储能与新能源设备
凌源钢铁股份有限公司,金属与基础材料
亚钾国际投资(广州)股份有限公司,化工与新材料
宁波市天普橡胶科技股份有限公司,橡胶与塑料制品
广东恒申美达新材料股份公司,纺织与工业用布
江苏鱼跃医疗设备股份有限公司,医疗器械
云南生物谷药业股份有限公司,医药与原料药制造
民丰特种纸股份有限公司,包装、纸制品与印刷材料
九江德福科技股份有限公司,电子元器件
北京燕东微电子股份有限公司,半导体
华懋(厦门)新材料科技股份有限公司,汽车零部件
上海电气风电集团股份有限公司,机械设备
宁波永新光学股份有限公司,仪器仪表与传感器
北京四方继保自动化股份有限公司,电气设备
吉林省金冠电气股份有限公司,光伏、储能与新能源设备
凤形股份有限公司,金属与基础材料
保利联合化工控股集团股份有限公司,化工与新材料
宁波横河精密工业股份有限公司,橡胶与塑料制品
广东洪兴实业股份有限公司,纺织与工业用布
江苏鹿得医疗电子股份有限公司,医疗器械
云南白药集团股份有限公司,医药与原料药制造
浙江京华激光科技股份有限公司,包装、纸制品与印刷材料
亚世光电(集团)股份有限公司,电子元器件
北京赛微电子股份有限公司,半导体
华达汽车科技股份有限公司,汽车零部件
上海神开石油化工装备股份有限公司,机械设备
安徽容知日新科技股份有限公司,仪器仪表与传感器
北京新雷能科技股份有限公司,电气设备
同享(苏州)电子材料科技股份有限公司,光伏、储能与新能源设备
凯盛新能源股份有限公司,金属与基础材料
元利化学集团股份有限公司,化工与新材料
宁波能之光新材料科技股份有限公司,橡胶与塑料制品
广东蒙泰高新纤维股份有限公司,纺织与工业用布
江西三鑫医疗科技股份有限公司,医疗器械
亚宝药业集团股份有限公司,医药与原料药制造
浙江众鑫环保科技集团股份有限公司,包装、纸制品与印刷材料
亚光科技集团股份有限公司,电子元器件
北方华创科技集团股份有限公司,半导体
南京奥联汽车电子电器股份有限公司,汽车零部件
上海铁大电信科技股份有限公司,机械设备
安徽皖仪科技股份有限公司,仪器仪表与传感器
北京昊创瑞通电气设备股份有限公司,电气设备
唐山海泰新能科技股份有限公司,光伏、储能与新能源设备
创新新材料科技股份有限公司,金属与基础材料
内蒙古博源化工股份有限公司,化工与新材料
宁波色母粒股份有限公司,橡胶与塑料制品
恒天海龙股份有限公司,纺织与工业用布
河南翔宇医疗设备股份有限公司,医疗器械
人福医药集团股份公司,医药与原料药制造
浙江凯恩特种材料股份有限公司,包装、纸制品与印刷材料
京东方科技集团股份有限公司,电子元器件
华海清科股份有限公司,半导体
南京泉峰汽车精密技术股份有限公司,汽车零部件
上海骄成超声波技术股份有限公司,机械设备
安徽芯动联科微系统股份有限公司,仪器仪表与传感器
北京科锐集团股份有限公司,电气设备
四川华体照明科技股份有限公司,光伏、储能与新能源设备
北京东方雨虹防水技术股份有限公司,金属与基础材料
内蒙古双欣环保材料股份有限公司,化工与新材料
宁波长阳科技股份有限公司,橡胶与塑料制品
恒逸石化股份有限公司,纺织与工业用布
济民健康管理股份有限公司,医疗器械
亿帆医药股份有限公司,医药与原料药制造
浙江大胜达包装股份有限公司,包装、纸制品与印刷材料
伟时电子股份有限公司,电子元器件
华虹宏力半导体有限公司,半导体
南宁八菱科技股份有限公司,汽车零部件
东富龙科技集团股份有限公司,机械设备
安徽蓝盾光电子股份有限公司,仪器仪表与传感器
北京维通利电气股份有限公司,电气设备
四川英杰电气股份有限公司,光伏、储能与新能源设备
北京凯德石英股份有限公司,金属与基础材料
内蒙古君正能源化工集团股份有限公司,化工与新材料
安徽中鼎密封件股份有限公司,橡胶与塑料制品
扬州天富龙集团股份有限公司,纺织与工业用布
浙江海圣医疗器械股份有限公司,医疗器械
仁和药业股份有限公司,医药与原料药制造
浙江恒达新材料股份有限公司,包装、纸制品与印刷材料
佛山市国星光电股份有限公司,电子元器件
南京三超新材料股份有限公司,半导体
南通大地电气股份有限公司,汽车零部件
东方电气股份有限公司,机械设备
安科瑞电气股份有限公司,仪器仪表与传感器
华帝股份有限公司,电气设备
四川长虹新能源科技股份有限公司,光伏、储能与新能源设备
北京利尔高温材料股份有限公司,金属与基础材料
内蒙古金煤化工科技股份有限公司,化工与新材料
安徽国风新材料股份有限公司,橡胶与塑料制品
扬州金泉旅游用品股份有限公司,纺织与工业用布
深圳北芯生命科技股份有限公司,医疗器械
伊犁川宁生物技术股份有限公司,医药与原料药制造
浙江景兴纸业股份有限公司,包装、纸制品与印刷材料
佛山纬达光电材料股份有限公司,电子元器件
南京冠石科技股份有限公司,半导体
厦门日上集团股份有限公司,汽车零部件
东杰智能科技集团股份有限公司,机械设备
常州同惠电子股份有限公司,仪器仪表与传感器
华明电力装备股份有限公司,电气设备
固德威技术股份有限公司,光伏、储能与新能源设备
北京金隅集团股份有限公司,金属与基础材料
农心作物科技股份有限公司,化工与新材料
安徽安利材料科技股份有限公司,橡胶与塑料制品
报喜鸟控股股份有限公司,纺织与工业用布
深圳市三利谱光电科技股份有限公司,医疗器械
健康元药业集团股份有限公司,医药与原料药制造
浙江聚力文化发展股份有限公司,包装、纸制品与印刷材料
佳禾智能科技股份有限公司,电子元器件
南京国博电子股份有限公司,半导体
厦门金龙汽车集团股份有限公司,汽车零部件
东莞市凯格精机股份有限公司,机械设备
常州电站辅机股份有限公司,仪器仪表与传感器
华瑞电器股份有限公司,电气设备
国光电器股份有限公司,光伏、储能与新能源设备
北京钢研高纳科技股份有限公司,金属与基础材料
利华益维远化学股份有限公司,化工与新材料
富岭科技股份有限公司,橡胶与塑料制品
探路者控股集团股份有限公司,纺织与工业用布
深圳市理邦精密仪器股份有限公司,医疗器械
兄弟科技股份有限公司,医药与原料药制造
浙江荣晟环保纸业股份有限公司,包装、纸制品与印刷材料
信音电子(中国)股份有限公司,电子元器件
博通集成电路(上海)股份有限公司,半导体
双林股份有限公司,汽车零部件
东莞怡合达自动化股份有限公司,机械设备
广东奥普特科技股份有限公司,仪器仪表与传感器
华自科技股份有限公司,电气设备
国晟世安科技股份有限公司,光伏、储能与新能源设备
北京韩建河山管业股份有限公司,金属与基础材料
利尔化学股份有限公司,化工与新材料
山东东宏管业股份有限公司,橡胶与塑料制品
摩登大道时尚集团股份有限公司,纺织与工业用布
深圳市美好创亿医疗科技股份有限公司,医疗器械
兰州佛慈制药股份有限公司,医药与原料药制造
深圳劲嘉集团股份有限公司,包装、纸制品与印刷材料
光智科技股份有限公司,电子元器件
厦门乾照光电股份有限公司,半导体
合兴汽车电子股份有限公司,汽车零部件
中信重工机械股份有限公司,机械设备
广东奥迪威传感科技股份有限公司,仪器仪表与传感器
南京全信传输科技股份有限公司,电气设备
国轩高科股份有限公司,光伏、储能与新能源设备
北京首钢股份有限公司,金属与基础材料
利民控股集团股份有限公司,化工与新材料
山东同大海岛新材料股份有限公司,橡胶与塑料制品
新乡化纤股份有限公司,纺织与工业用布
深圳惠泰医疗器械股份有限公司,医疗器械
内蒙古大唐药业股份有限公司,医药与原料药制造
深圳市柏星龙创意包装股份有限公司,包装、纸制品与印刷材料
共达电声股份有限公司,电子元器件
厦门优迅芯片股份有限公司,半导体
合肥常青机械股份有限公司,汽车零部件
中兵红箭股份有限公司,机械设备
广东海川智能机器股份有限公司,仪器仪表与传感器
南昌三瑞智能科技股份有限公司,电气设备
多氟多新材料股份有限公司,光伏、储能与新能源设备
北新集团建材股份有限公司,金属与基础材料
北京万邦达新材料集团股份有限公司,化工与新材料
山东悦龙橡塑科技股份有限公司,橡胶与塑料制品
新凤鸣集团股份有限公司,纺织与工业用布
深圳普门科技股份有限公司,医疗器械
凯莱英医药集团(天津)股份有限公司,医药与原料药制造
深圳市裕同包装科技股份有限公司,包装、纸制品与印刷材料
冠捷电子科技股份有限公司,电子元器件
厦门光莆电子股份有限公司,半导体
合肥汇通控股股份有限公司,汽车零部件
中创智领(郑州)工业技术集团股份有限公司,机械设备
广东雅达电子股份有限公司,仪器仪表与传感器
厦门灿坤实业股份有限公司,电气设备
大连华锐重工集团股份有限公司,光伏、储能与新能源设备
北方铜业股份有限公司,金属与基础材料
北京海新能源科技股份有限公司,化工与新材料
山东玲珑轮胎股份有限公司,橡胶与塑料制品
旷达科技集团股份有限公司,纺织与工业用布
深圳迈瑞生物医疗电子股份有限公司,医疗器械
前沿生物药业(南京)股份有限公司,医药与原料药制造
牡丹江恒丰纸业股份有限公司,包装、纸制品与印刷材料
凌云光技术股份有限公司,电子元器件
合肥新汇成微电子股份有限公司,半导体
哈尔滨东安汽车动力股份有限公司,汽车零部件
中化装备科技(青岛)股份有限公司,机械设备
广州多浦乐电子科技股份有限公司,仪器仪表与传感器
合肥雪祺电气股份有限公司,电气设备
天力锂能集团股份有限公司,光伏、储能与新能源设备
华新建材集团股份有限公司,金属与基础材料
北京键凯科技股份有限公司,化工与新材料
山东道恩高分子材料股份有限公司,橡胶与塑料制品
朗姿股份有限公司,纺织与工业用布
爱博诺德(北京)医疗科技股份有限公司,医疗器械
包头东宝生物技术股份有限公司,医药与原料药制造
福建南王环保科技股份有限公司,包装、纸制品与印刷材料
凯盛科技股份有限公司,电子元器件
合肥晶合集成电路股份有限公司,半导体
四川成飞集成科技股份有限公司,汽车零部件
中国中车股份有限公司,机械设备
广州禾信仪器股份有限公司,仪器仪表与传感器
合肥高科科技股份有限公司,电气设备
天合光能股份有限公司,光伏、储能与新能源设备
华新绿源资源科技股份有限公司,金属与基础材料
北京颖泰嘉和生物科技股份有限公司,化工与新材料
常州天晟新材料集团股份有限公司,橡胶与塑料制品
杭州万事利丝绸文化股份有限公司,纺织与工业用布
苏州天华新能源科技股份有限公司,医疗器械
北京万泰生物药业股份有限公司,医药与原料药制造
福建省青山纸业股份有限公司,包装、纸制品与印刷材料
创维数字股份有限公司,电子元器件
合肥颀中科技股份有限公司,半导体
固德电材系统(苏州)股份有限公司,汽车零部件
中国电器科学研究院股份有限公司,机械设备
广西东方智造科技股份有限公司,仪器仪表与传感器
哈尔滨电气集团佳木斯电机股份有限公司,电气设备
天奇自动化工程股份有限公司,光伏、储能与新能源设备
南京寒锐钴业股份有限公司,金属与基础材料
北京高盟新材料股份有限公司,化工与新材料
常州朗博密封科技股份有限公司,橡胶与塑料制品
杭州福恩股份有限公司,纺织与工业用布
苏州爱得科技发展股份有限公司,医疗器械
北京三元基因药业股份有限公司,医药与原料药制造
美盈森集团股份有限公司,包装、纸制品与印刷材料
利亚德光电股份有限公司,电子元器件
吉林华微电子股份有限公司,半导体
大明电子股份有限公司,汽车零部件
中国科学院沈阳科学仪器股份有限公司,机械设备
思看科技(杭州)股份有限公司,仪器仪表与传感器
大连电瓷集团股份有限公司,电气设备
天洋新材(上海)科技股份有限公司,光伏、储能与新能源设备
南京钢铁股份有限公司,金属与基础材料
北方化学工业股份有限公司,化工与新材料
广东太力科技集团股份有限公司,橡胶与塑料制品
杭州诺邦无纺股份有限公司,纺织与工业用布
苏州纳微科技股份有限公司,医疗器械
北京中关村科技发展(控股)股份有限公司,医药与原料药制造
苏州江天包装科技股份有限公司,包装、纸制品与印刷材料
包头天和磁材科技股份有限公司,电子元器件
唯捷创芯(天津)电子技术股份有限公司,半导体
大连德迈仕精密科技股份有限公司,汽车零部件
中国第一重型机械股份公司,机械设备
成都中寰流体控制设备股份有限公司,仪器仪表与传感器
天津百利特精电气股份有限公司,电气设备
天津津荣天宇精密机械股份有限公司,光伏、储能与新能源设备
博深股份有限公司,金属与基础材料
北方华锦化学工业股份有限公司,化工与新材料
广东奇德新材料股份有限公司,橡胶与塑料制品
桐昆集团股份有限公司,纺织与工业用布
西安康拓医疗技术股份有限公司,医疗器械
北京九强生物技术股份有限公司,医药与原料药制造
西安环球印务股份有限公司,包装、纸制品与印刷材料
包头市英思特稀磁新材料股份有限公司,电子元器件
四川汇源光通信股份有限公司,半导体
天津汽车模具股份有限公司,汽车零部件
中国航发动力控制股份有限公司,机械设备
成都坤恒顺维科技股份有限公司,仪器仪表与传感器
天顺风能(苏州)股份有限公司,电气设备
天津滨海能源发展股份有限公司,光伏、储能与新能源设备
厦门万里石股份有限公司,金属与基础材料
华宝科技股份有限公司,化工与新材料
广东德冠薄膜新材料股份有限公司,橡胶与塑料制品
欣贺股份有限公司,纺织与工业用布
赛诺医疗科学技术股份有限公司,医疗器械
北京凯因科技股份有限公司,医药与原料药制造
贵州永吉印务股份有限公司,包装、纸制品与印刷材料
北京万集科技股份有限公司,电子元器件
国民技术股份有限公司,半导体
天海汽车电子集团股份有限公司,汽车零部件
中国航发动力股份有限公司,机械设备
成都秦川物联网科技股份有限公司,仪器仪表与传感器
奇精机械股份有限公司,电气设备
天能电池集团股份有限公司,光伏、储能与新能源设备
厦门钨业股份有限公司,金属与基础材料
华润化学材料科技股份有限公司,化工与新材料
广东聚石化学股份有限公司,橡胶与塑料制品
欣龙控股(集团)股份有限公司,纺织与工业用布
迈得医疗工业设备股份有限公司,医疗器械
北京利德曼生化股份有限公司,医药与原料药制造
重庆百亚卫生用品股份有限公司,包装、纸制品与印刷材料
北京东土科技股份有限公司,电子元器件
圣邦微电子(北京)股份有限公司,半导体
天润工业技术股份有限公司,汽车零部件
中国航发航空科技股份有限公司,机械设备
成都长城开发科技股份有限公司,仪器仪表与传感器
奥佳华智能健康科技集团股份有限公司,电气设备
威腾电气集团股份有限公司,光伏、储能与新能源设备
吉林亚泰(集团)股份有限公司,金属与基础材料
华熙生物科技股份有限公司,化工与新材料
广东银禧科技股份有限公司,橡胶与塑料制品
比音勒芬服饰股份有限公司,纺织与工业用布
采纳科技股份有限公司,医疗器械
北京北陆药业股份有限公司,医药与原料药制造
陕西金叶科教集团股份有限公司,包装、纸制品与印刷材料
北京中石伟业科技股份有限公司,电子元器件
大唐电信科技股份有限公司,半导体
奥特佳新能源科技集团股份有限公司,汽车零部件
中国船舶工业股份有限公司,机械设备
新天科技股份有限公司,仪器仪表与传感器
奥普智能科技股份有限公司,电气设备
孚能科技(赣州)股份有限公司,光伏、储能与新能源设备
吉林利源精制股份有限公司,金属与基础材料
华融化学股份有限公司,化工与新材料
广东雄塑科技集团股份有限公司,橡胶与塑料制品
江苏华西村股份有限公司,纺织与工业用布
重庆西山科技股份有限公司,医疗器械
北京双鹭药业股份有限公司,医药与原料药制造
鸿博股份有限公司,包装、纸制品与印刷材料
北京中科三环高技术股份有限公司,电子元器件
大连连城数控机器股份有限公司,半导体
威海邦德散热系统股份有限公司,汽车零部件
中国船舶重工集团动力股份有限公司,机械设备
易思维(杭州)科技股份有限公司,仪器仪表与传感器
威海市泓淋电力技术股份有限公司,电气设备
宁夏国运新能源股份有限公司,光伏、储能与新能源设备
哈焊所华通(常州)焊业股份有限公司,金属与基础材料
华邦生命健康股份有限公司,化工与新材料
广东顺威精密塑料股份有限公司,橡胶与塑料制品
江苏恒辉安防集团股份有限公司,纺织与工业用布
北京同仁堂股份有限公司,医药与原料药制造
齐峰新材料股份有限公司,包装、纸制品与印刷材料
北京佳讯飞鸿电气股份有限公司,电子元器件
天水华天科技股份有限公司,半导体
宁波一彬电子科技股份有限公司,汽车零部件
中国船舶重工集团应急预警与救援装备股份有限公司,机械设备
普源精电科技股份有限公司,仪器仪表与传感器
宁波东方电缆股份有限公司,电气设备
宁德时代新能源科技股份有限公司,光伏、储能与新能源设备
嘉美食品包装(滁州)股份有限公司,金属与基础材料
南京威尔药业集团股份有限公司,化工与新材料
广州市聚赛龙工程塑料股份有限公司,橡胶与塑料制品
江苏江南高纤股份有限公司,纺织与工业用布
北京天坛生物制品股份有限公司,医药与原料药制造
龙利得智能科技股份有限公司,包装、纸制品与印刷材料
北京八亿时空液晶科技股份有限公司,电子元器件
天津久日新材料股份有限公司,半导体
宁波华翔电子股份有限公司,汽车零部件
中国铁建重工集团股份有限公司,机械设备
杭州先锋电子技术股份有限公司,仪器仪表与传感器
宁波富佳实业股份有限公司,电气设备
宁波博威合金材料股份有限公司,光伏、储能与新能源设备
四川和谐双马股份有限公司,金属与基础材料
南京科思化学股份有限公司,化工与新材料
广州新莱福新材料股份有限公司,橡胶与塑料制品
江苏泰慕士针纺科技股份有限公司,纺织与工业用布
北京奥赛康药业股份有限公司,医药与原料药制造
北京动力源科技股份有限公司,电子元器件
天津金海通半导体设备股份有限公司,半导体
宁波卡倍亿电气技术股份有限公司,汽车零部件
中国铁路通信信号股份有限公司,机械设备
杭州山科智能科技股份有限公司,仪器仪表与传感器
宁波德业科技股份有限公司,电气设备
宁波方正汽车模具股份有限公司,光伏、储能与新能源设备
四川大西洋焊接材料股份有限公司,金属与基础材料
南京红太阳股份有限公司,化工与新材料
广州毅昌科技股份有限公司,橡胶与塑料制品
江苏红豆实业股份有限公司,纺织与工业用布
北京康乐卫士生物技术股份有限公司,医药与原料药制造
北京华力创通科技股份有限公司,电子元器件
奔图科技股份有限公司,半导体
宁波圣龙汽车动力系统股份有限公司,汽车零部件
中密控股股份有限公司,机械设备
杭州海兴电力科技股份有限公司,仪器仪表与传感器
宁波德昌电机股份有限公司,电气设备
宁波杉杉股份有限公司,光伏、储能与新能源设备
四川金顶(集团)股份有限公司,金属与基础材料
南通江天化学股份有限公司,化工与新材料
广州洁特生物过滤股份有限公司,橡胶与塑料制品
江苏联发纺织股份有限公司,纺织与工业用布
北京康辰药业股份有限公司,医药与原料药制造
北京合众思壮科技股份有限公司,电子元器件
宁波康强电子股份有限公司,半导体
宁波恒帅股份有限公司,汽车零部件
中建环能科技股份有限公司,机械设备
杭州炬华科技股份有限公司,仪器仪表与传感器
宁波惠康工业科技股份有限公司,电气设备
宁波激智科技股份有限公司,光伏、储能与新能源设备
四川雅化实业集团股份有限公司,金属与基础材料
南通江山农药化工股份有限公司,化工与新材料
广州鹿山新材料股份有限公司,橡胶与塑料制品
江苏聚杰微纤科技集团股份有限公司,纺织与工业用布
北京星昊医药股份有限公司,医药与原料药制造
北京大豪科技股份有限公司,电子元器件
宁波江丰电子材料股份有限公司,半导体
宁波拓普集团股份有限公司,汽车零部件
中捷资源投资股份有限公司,机械设备
杭州西力智能科技股份有限公司,仪器仪表与传感器
宁波球冠电缆股份有限公司,电气设备
宁波迦南智能电气股份有限公司,光伏、储能与新能源设备
四方科技集团股份有限公司,金属与基础材料
南通泰禾化工股份有限公司,化工与新材料
成都盛帮密封件股份有限公司,橡胶与塑料制品
泰和新材集团股份有限公司,纺织与工业用布
北京热景生物技术股份有限公司,医药与原料药制造
北京富吉瑞光电科技股份有限公司,电子元器件
安徽耐科装备科技股份有限公司,半导体
宁波旭升集团股份有限公司,汽车零部件
中核苏阀科技实业股份有限公司,机械设备
杭州远方光电信息股份有限公司,仪器仪表与传感器
安乃达驱动技术(上海)股份有限公司,电气设备
安克创新科技股份有限公司,光伏、储能与新能源设备
大金重工股份有限公司,金属与基础材料
南通醋酸化工股份有限公司,化工与新材料
新天力科技股份有限公司,橡胶与塑料制品
浙文影业集团股份有限公司,纺织与工业用布
北京神州细胞生物技术集团股份公司,医药与原料药制造
北京当升材料科技股份有限公司,电子元器件
安集微电子科技(上海)股份有限公司,半导体
宁波继峰汽车零部件股份有限公司,汽车零部件
中电科蓝天科技股份有限公司,机械设备
杭州集智机电股份有限公司,仪器仪表与传感器
安徽万朗磁塑股份有限公司,电气设备
安徽安孚电池科技股份有限公司,光伏、储能与新能源设备
天山材料股份有限公司,金属与基础材料
博爱新开源医疗科技集团股份有限公司,化工与新材料
无锡双象超纤材料股份有限公司,橡胶与塑料制品
浙江乔治白服饰股份有限公司,纺织与工业用布
北京福元医药股份有限公司,医药与原料药制造
北京数码视讯科技股份有限公司,电子元器件
山东天岳先进科技股份有限公司,半导体
宁波舜宇精工股份有限公司,汽车零部件
中石化石油机械股份有限公司,机械设备
桂林星辰科技股份有限公司,仪器仪表与传感器
安徽中电鑫龙科技股份有限公司,电气设备
安徽德力日用玻璃股份有限公司,光伏、储能与新能源设备
天山铝业集团股份有限公司,金属与基础材料
卫星化学股份有限公司,化工与新材料
杭州和顺科技股份有限公司,橡胶与塑料制品
浙江云中马股份有限公司,纺织与工业用布
北京英诺特生物技术股份有限公司,医药与原料药制造
北京映翰通网络技术股份有限公司,电子元器件
常州银河世纪微电子股份有限公司,半导体
宁波隆源股份有限公司,汽车零部件
中科微至科技股份有限公司,机械设备
森霸传感科技股份有限公司,仪器仪表与传感器
安徽德豪润达电气股份有限公司,电气设备
安徽英力电子科技股份有限公司,光伏、储能与新能源设备
天津友发钢管集团股份有限公司,金属与基础材料
双乐颜料股份有限公司,化工与新材料
杭州福斯特应用材料股份有限公司,橡胶与塑料制品
浙江伟星实业发展股份有限公司,纺织与工业用布
北京诺思兰德生物技术股份有限公司,医药与原料药制造
北京汉邦高科数字技术股份有限公司,电子元器件
广东三雄极光照明股份有限公司,半导体
宁波高发汽车控制系统股份有限公司,汽车零部件
中科美菱低温科技股份有限公司,机械设备
欣灵电气股份有限公司,仪器仪表与传感器
宏发科技股份有限公司,电气设备
安徽鑫铂铝业股份有限公司,光伏、储能与新能源设备
天津银龙集团股份有限公司,金属与基础材料
史丹利农业集团股份有限公司,化工与新材料
杭州高新材料科技股份有限公司,橡胶与塑料制品
浙江健盛集团股份有限公司,纺织与工业用布
北京赛升药业股份有限公司,医药与原料药制造
北京海兰信数据科技股份有限公司,电子元器件
广东利扬芯片测试股份有限公司,半导体
宇通客车股份有限公司,汽车零部件
中联重科股份有限公司,机械设备
汇中仪表股份有限公司,仪器仪表与传感器
宝胜科技创新股份有限公司,电气设备
宜宾天原集团股份有限公司,光伏、储能与新能源设备
天齐锂业股份有限公司,金属与基础材料
合盛硅业股份有限公司,化工与新材料
株洲时代新材料科技股份有限公司,橡胶与塑料制品
浙江华生科技股份有限公司,纺织与工业用布
北京赛科希德科技股份有限公司,医药与原料药制造
北京淳中科技股份有限公司,电子元器件
广东安达智能装备股份有限公司,半导体
安徽凤凰滤清器股份有限公司,汽车零部件
中航(成都)无人机系统股份有限公司,机械设备
江苏东华测试技术股份有限公司,仪器仪表与传感器
小熊电器股份有限公司,电气设备
宣城市华菱精工科技股份有限公司,光伏、储能与新能源设备
奥瑞德光电股份有限公司,金属与基础材料
吉林省中研高分子材料股份有限公司,化工与新材料
江苏共创人造草坪股份有限公司,橡胶与塑料制品
浙江台华新材料集团股份有限公司,纺织与工业用布
北大医药股份有限公司,医药与原料药制造
北京理工导航控制科技股份有限公司,电子元器件
广东富信科技股份有限公司,半导体
安徽安凯汽车股份有限公司,汽车零部件
中航机载系统股份有限公司,机械设备
江苏省精创电气股份有限公司,仪器仪表与传感器
山东威达机械股份有限公司,电气设备
山东丰元化学股份有限公司,光伏、储能与新能源设备
奥瑞金科技股份有限公司,金属与基础材料
呈和科技股份有限公司,化工与新材料
江苏华信新材料股份有限公司,橡胶与塑料制品
浙江嘉欣丝绸股份有限公司,纺织与工业用布
华仁药业股份有限公司,医药与原料药制造
北京石头世纪科技股份有限公司,电子元器件
广东星光发展股份有限公司,半导体
安徽江淮汽车集团股份有限公司,汽车零部件
中航沈飞股份有限公司,机械设备
河北先河环保科技股份有限公司,仪器仪表与传感器
山东山大电力技术股份有限公司,电气设备
山东圣阳电源股份有限公司,光伏、储能与新能源设备
威领新能源股份有限公司,金属与基础材料
唐山三友化工股份有限公司,化工与新材料
江苏博云塑业股份有限公司,橡胶与塑料制品
浙江大自然户外用品股份有限公司,纺织与工业用布
华兰生物工程股份有限公司,医药与原料药制造
北京经纬恒润科技股份有限公司,电子元器件
广州安凯微电子股份有限公司,半导体
富临精工股份有限公司,汽车零部件
中航直升机股份有限公司,机械设备
河南嘉晨智能控制股份有限公司,仪器仪表与传感器
山东新能泰山发电股份有限公司,电气设备
山东海科新源材料科技股份有限公司,光伏、储能与新能源设备
宁夏东方钽业股份有限公司,金属与基础材料
唐山三孚硅业股份有限公司,化工与新材料
江苏斯迪克新材料科技股份有限公司,橡胶与塑料制品
浙江尤夫高新纤维股份有限公司,纺织与工业用布
华兰生物疫苗股份有限公司,医药与原料药制造
北京航天神舟智能装备科技股份有限公司,电子元器件
广州慧智微电子股份有限公司,半导体
富奥汽车零部件股份有限公司,汽车零部件
中航航空高科技股份有限公司,机械设备
河南驰诚电气股份有限公司,仪器仪表与传感器
山东科汇电力自动化股份有限公司,电气设备
山东金晶科技股份有限公司,光伏、储能与新能源设备
宁夏建材集团股份有限公司,金属与基础材料
嘉亨家化股份有限公司,化工与新材料
江苏泛亚微透科技股份有限公司,橡胶与塑料制品
浙江康隆达特种防护科技股份有限公司,纺织与工业用布
华北制药股份有限公司,医药与原料药制造
北京雷科防务科技股份有限公司,电子元器件
康佳集团股份有限公司,半导体
山东坤泰新材料科技股份有限公司,汽车零部件
中航西安飞机工业集团股份有限公司,机械设备
浙江万胜智能科技股份有限公司,仪器仪表与传感器
常州三协电机股份有限公司,电气设备
山东鲁阳节能材料股份有限公司,光伏、储能与新能源设备
宁波富达股份有限公司,金属与基础材料
四川东材科技集团股份有限公司,化工与新材料
江苏科强新材料股份有限公司,橡胶与塑料制品
浙江彩蝶实业股份有限公司,纺织与工业用布
华润三九医药股份有限公司,医药与原料药制造
北方导航控制技术股份有限公司,电子元器件
强一半导体(苏州)股份有限公司,半导体
山东美晨科技集团股份有限公司,汽车零部件
中航重机股份有限公司,机械设备
浙江威星智能仪表股份有限公司,仪器仪表与传感器
常州市凯迪电器股份有限公司,电气设备
山西美锦能源股份有限公司,光伏、储能与新能源设备
宁波富邦精业集团股份有限公司,金属与基础材料
四川侨源气体股份有限公司,化工与新材料
江苏裕兴薄膜科技股份有限公司,橡胶与塑料制品
浙江新澳纺织股份有限公司,纺织与工业用布
华润博雅生物制药集团股份有限公司,医药与原料药制造
华勤技术股份有限公司,电子元器件
快克智能装备股份有限公司,半导体
山东金麒麟股份有限公司,汽车零部件
中船海洋与防务装备股份有限公司,机械设备
浙江宏昌电器科技股份有限公司,仪器仪表与传感器
常州神力电机股份有限公司,电气设备
常州亚玛顿股份有限公司,光伏、储能与新能源设备
宁波星源卓镁技术股份有限公司,金属与基础材料
四川发展龙蟒股份有限公司,化工与新材料
江苏通用科技股份有限公司,橡胶与塑料制品
浙江棒杰控股集团股份有限公司,纺织与工业用布
华润双鹤药业股份有限公司,医药与原料药制造
华塑控股股份有限公司,电子元器件
恒烁半导体(合肥)股份有限公司,半导体
山东隆基机械股份有限公司,汽车零部件
中路股份有限公司,机械设备
浙江蓝特光学股份有限公司,仪器仪表与传感器
常州祥明智能动力股份有限公司,电气设备
常州时创能源股份有限公司,光伏、储能与新能源设备
宁波金田铜业(集团)股份有限公司,金属与基础材料
四川和邦生物科技股份有限公司,化工与新材料
江阴海达橡塑股份有限公司,橡胶与塑料制品
浙江森马服饰股份有限公司,纺织与工业用布
华润江中药业股份有限公司,医药与原料药制造
华工科技产业股份有限公司,电子元器件
恒玄科技(上海)股份有限公司,半导体
山子高科技股份有限公司,汽车零部件
中邮科技股份有限公司,机械设备
海能未来技术集团股份有限公司,仪器仪表与传感器
常州聚和新材料股份有限公司,电气设备
常州武进中瑞电子科技股份有限公司,光伏、储能与新能源设备
宁波震裕科技股份有限公司,金属与基础材料
四川国光农化股份有限公司,化工与新材料
河北华密新材科技股份有限公司,橡胶与塑料制品
浙江步森服饰股份有限公司,纺织与工业用布
南京健友生化制药股份有限公司,医药与原料药制造
华映科技(集团)股份有限公司,电子元器件
成都华微电子科技股份有限公司,半导体
常州光洋轴承股份有限公司,汽车零部件
中重科技(天津)股份有限公司,机械设备
深圳万讯自控股份有限公司,仪器仪表与传感器
广东TCL智慧家电股份有限公司,电气设备
广东光华科技股份有限公司,光伏、储能与新能源设备
宁波韵升股份有限公司,金属与基础材料
四川宏达股份有限公司,化工与新材料
河北方大新材料股份有限公司,橡胶与塑料制品
浙江汇隆新材料股份有限公司,纺织与工业用布
南京新街口百货商店股份有限公司,医药与原料药制造
协创数据技术股份有限公司,电子元器件
扬州扬杰电子科技股份有限公司,半导体
常州星宇车灯股份有限公司,汽车零部件
中铁高新工业股份有限公司,机械设备
深圳云里物里科技股份有限公司,仪器仪表与传感器
广东万和新电气股份有限公司,电气设备
广东力王新能源股份有限公司,光伏、储能与新能源设备
安徽众源新材料股份有限公司,金属与基础材料
四川新金路集团股份有限公司,化工与新材料
浙江丰茂科技股份有限公司,橡胶与塑料制品
浙江海利得新材料股份有限公司,纺织与工业用布
南京海辰药业股份有限公司,医药与原料药制造
南亚新材料科技股份有限公司,电子元器件
拉普拉斯新能源科技股份有限公司,半导体
常州腾龙汽车零部件股份有限公司,汽车零部件
中铁高铁电气装备股份有限公司,机械设备
深圳友讯达科技股份有限公司,仪器仪表与传感器
广东小崧科技股份有限公司,电气设备
广东博力威科技股份有限公司,光伏、储能与新能源设备
安徽大地熊新材料股份有限公司,金属与基础材料
四川泸天化股份有限公司,化工与新材料
浙江众成包装材料股份有限公司,橡胶与塑料制品
浙江海正生物材料股份有限公司,纺织与工业用布
博瑞生物医药(苏州)股份有限公司,医药与原料药制造
南京华脉科技股份有限公司,电子元器件
拓荆科技股份有限公司,半导体
常州通宝光电股份有限公司,汽车零部件
中际联合(北京)科技股份有限公司,机械设备
深圳安培龙科技股份有限公司,仪器仪表与传感器
广东德尔玛科技股份有限公司,电气设备
广东德联集团股份有限公司,光伏、储能与新能源设备
安徽富煌钢构股份有限公司,金属与基础材料
四川美丰化工股份有限公司,化工与新材料
浙江伟星新型建材股份有限公司,橡胶与塑料制品
浙江真爱美家股份有限公司,纺织与工业用布
厦门特宝生物工程股份有限公司,医药与原料药制造
南京熊猫电子股份有限公司,电子元器件
斯达半导体股份有限公司,半导体
广东东箭汽车科技股份有限公司,汽车零部件
中集安瑞环科技股份有限公司,机械设备
深圳市华盛昌科技实业股份有限公司,仪器仪表与传感器
广东新亚光电缆股份有限公司,电气设备
广东正业科技股份有限公司,光伏、储能与新能源设备
安徽楚江科技新材料股份有限公司,金属与基础材料
四川达威科技股份有限公司,化工与新材料
浙江双箭橡胶股份有限公司,橡胶与塑料制品
浙江航民股份有限公司,纺织与工业用布
厦门艾德生物医药科技股份有限公司,医药与原料药制造
南通江海电容器股份有限公司,电子元器件
新亚电子股份有限公司,半导体
广东和胜工业铝材股份有限公司,汽车零部件
久祺股份有限公司,机械设备
深圳市安车检测股份有限公司,仪器仪表与传感器
广东新宝电器股份有限公司,电气设备
广东泉为科技股份有限公司,光伏、储能与新能源设备
安徽海螺水泥股份有限公司,金属与基础材料
垒知控股集团股份有限公司,化工与新材料
浙江大东南股份有限公司,橡胶与塑料制品
浙江西大门新材料股份有限公司,纺织与工业用布
古汉医药集团股份公司,医药与原料药制造
南通海星电子股份有限公司,电子元器件
新恒汇电子股份有限公司,半导体
广东迪生力汽配股份有限公司,汽车零部件
乐普(北京)医疗器械股份有限公司,机械设备
深圳市雷赛智能控制股份有限公司,仪器仪表与传感器
广东日丰电缆股份有限公司,电气设备
广东芳源新材料集团股份有限公司,光伏、储能与新能源设备
安徽鑫科新材料股份有限公司,金属与基础材料
大庆华科股份有限公司,化工与新材料
浙江天振科技股份有限公司,橡胶与塑料制品
浙江迎丰科技股份有限公司,纺织与工业用布
合肥立方制药股份有限公司,医药与原料药制造
博敏电子股份有限公司,电子元器件
无锡力芯微电子股份有限公司,半导体
广东香山衡器集团股份有限公司,汽车零部件
乔锋智能装备股份有限公司,机械设备
深圳市鼎阳科技股份有限公司,仪器仪表与传感器
广东明阳电气股份有限公司,电气设备
广东道氏技术股份有限公司,光伏、储能与新能源设备
安徽长城军工股份有限公司,金属与基础材料
大连百傲化学股份有限公司,化工与新材料
浙江天铁科技股份有限公司,橡胶与塑料制品
浙江金鹰股份有限公司,纺织与工业用布
吉林敖东药业集团股份有限公司,医药与原料药制造
卡莱特云科技股份有限公司,电子元器件
无锡华东重型机械股份有限公司,半导体
广东鸿图科技股份有限公司,汽车零部件
亚联机械股份有限公司,机械设备
湖北久之洋红外系统股份有限公司,仪器仪表与传感器
广东顺钠电气股份有限公司,电气设备
广东领益智造股份有限公司,光伏、储能与新能源设备
安徽鸿路钢结构(集团)股份有限公司,金属与基础材料
天津利安隆新材料股份有限公司,化工与新材料
浙江太湖远大新材料股份有限公司,橡胶与塑料制品
海澜之家集团股份有限公司,纺织与工业用布
吉林省西点药业科技发展股份有限公司,医药与原料药制造
厦门亿联网络技术股份有限公司,电子元器件
无锡帝科电子材料股份有限公司,半导体
广东鸿特科技股份有限公司,汽车零部件
交控科技股份有限公司,机械设备
湖南三德科技股份有限公司,仪器仪表与传感器
广东鸿智智能科技股份有限公司,电气设备
广州智光电气股份有限公司,光伏、储能与新能源设备
安泰科技股份有限公司,金属与基础材料
天津国安盟固利新材料科技股份有限公司,化工与新材料
浙江新恒泰新材料股份有限公司,橡胶与塑料制品
深圳市安奈儿股份有限公司,纺织与工业用布
吉林省集安益盛药业股份有限公司,医药与原料药制造
厦门力鼎光电股份有限公司,电子元器件
无锡新洁能股份有限公司,半导体
广州市金钟汽车零件股份有限公司,汽车零部件
产投三佳(安徽)科技股份有限公司,机械设备
瑞纳智能设备股份有限公司,仪器仪表与传感器
广州市浩洋电子股份有限公司,电气设备
广州鹏辉能源科技股份有限公司,光伏、储能与新能源设备
安阳钢铁股份有限公司,金属与基础材料
天津渤海化学股份有限公司,化工与新材料
浙江朗迪集团股份有限公司,橡胶与塑料制品
深圳市富安娜家居用品股份有限公司,纺织与工业用布
哈尔滨三联药业股份有限公司,医药与原料药制造
厦门弘信电子科技集团股份有限公司,电子元器件
无锡盛景微电子股份有限公司,半导体
广州汽车集团股份有限公司,汽车零部件
亿嘉和科技股份有限公司,机械设备
碧兴物联科技(深圳)股份有限公司,仪器仪表与传感器
广州白云电器设备股份有限公司,电气设备
弘元绿色能源股份有限公司,光伏、储能与新能源设备
宏和电子材料科技股份有限公司,金属与基础材料
天际新能源科技股份有限公司,化工与新材料
浙江海象新材料股份有限公司,橡胶与塑料制品
深圳歌力思服饰股份有限公司,纺织与工业用布
哈尔滨誉衡药业股份有限公司,医药与原料药制造
厦门恒坤新材料科技股份有限公司,电子元器件
日联科技集团股份有限公司,半导体
广西华原过滤系统股份有限公司,汽车零部件
今创集团股份有限公司,机械设备
福建福光股份有限公司,仪器仪表与传感器
广州高澜节能技术股份有限公司,电气设备
徐州中煤百甲重钢科技股份有限公司,光伏、储能与新能源设备
宏盛华源铁塔集团股份有限公司,金属与基础材料
宁夏中科生物科技股份有限公司,化工与新材料
浙江润阳新材料科技股份有限公司,橡胶与塑料制品
深圳汇洁集团股份有限公司,纺织与工业用布
哈药集团股份有限公司,医药与原料药制造
厦门法拉电子股份有限公司,电子元器件
星宸科技股份有限公司,半导体
建设工业集团(云南)股份有限公司,汽车零部件
伊之密股份有限公司,机械设备
苏州敏芯微电子技术股份有限公司,仪器仪表与传感器
康平科技(苏州)股份有限公司,电气设备
德力西新能源科技股份有限公司,光伏、储能与新能源设备
宝山钢铁股份有限公司,金属与基础材料
宁夏宝丰能源集团股份有限公司,化工与新材料
浙江福莱新材料股份有限公司,橡胶与塑料制品
湖北美尔雅股份有限公司,纺织与工业用布
四川梓橦宫药业股份有限公司,医药与原料药制造
厦门狄耐克智能科技股份有限公司,电子元器件
普冉半导体(上海)股份有限公司,半导体
怀集登云汽配股份有限公司,汽车零部件
佛山市金银河智能装备股份有限公司,机械设备
英飞特电子(杭州)股份有限公司,仪器仪表与传感器
开能健康科技集团股份有限公司,电气设备
惠州亿纬锂能股份有限公司,光伏、储能与新能源设备
宝武镁业科技股份有限公司,金属与基础材料
宁夏英力特化工股份有限公司,化工与新材料
浙江锦盛新材料股份有限公司,橡胶与塑料制品
湖南华升股份有限公司,纺织与工业用布
四川汇宇制药股份有限公司,医药与原料药制造
厦门盈趣科技股份有限公司,电子元器件
晶瑞电子材料股份有限公司,半导体
恒勃控股股份有限公司,汽车零部件
光启技术股份有限公司,机械设备
莱赛激光科技股份有限公司,仪器仪表与传感器
思源电气股份有限公司,电气设备
惠州市惠德瑞锂电科技股份有限公司,光伏、储能与新能源设备
宝鸡钛业股份有限公司,金属与基础材料
宁波博汇化工科技股份有限公司,化工与新材料
海安橡胶集团股份公司,橡胶与塑料制品
湖南梦洁家纺股份有限公司,纺织与工业用布
四川百利天恒药业股份有限公司,医药与原料药制造
合力泰科技股份有限公司,电子元器件
有研半导体硅材料股份公司,半导体
成都西菱动力科技股份有限公司,汽车零部件
兰剑智能科技股份有限公司,机械设备
赛摩智能科技集团股份有限公司,仪器仪表与传感器
惠而浦(中国)股份有限公司,电气设备
成都云图控股股份有限公司,光伏、储能与新能源设备
山东中锐产业发展股份有限公司,金属与基础材料
宁波润禾高新材料科技股份有限公司,化工与新材料
深圳市力合科创股份有限公司,橡胶与塑料制品
烟台民士达特种纸业股份有限公司,纺织与工业用布
四川科伦药业股份有限公司,医药与原料药制造
吉安满坤科技股份有限公司,电子元器件
有研新材料股份有限公司,半导体
成都豪能科技股份有限公司,汽车零部件
冀凯装备制造股份有限公司,机械设备
迈拓仪表股份有限公司,仪器仪表与传感器
成都彩虹电器(集团)股份有限公司,电气设备
成都市新筑路桥机械股份有限公司,光伏、储能与新能源设备
山东力诺医药包装股份有限公司,金属与基础材料
宁波长鸿高分子科技股份有限公司,化工与新材料
深圳市富恒新材料股份有限公司,橡胶与塑料制品
爱慕股份有限公司,纺织与工业用布
四川金石亚洲医药股份有限公司,医药与原料药制造
吉林奥来德光电材料股份有限公司,电子元器件
杭州士兰微电子股份有限公司,半导体
文灿集团股份有限公司,汽车零部件
内蒙古北方重型汽车股份有限公司,机械设备
重庆川仪自动化股份有限公司,仪器仪表与传感器
新风光电子科技股份有限公司,电气设备
新亚制程(浙江)股份有限公司,光伏、储能与新能源设备
山东华鹏玻璃股份有限公司,金属与基础材料
安徽中草香料股份有限公司,化工与新材料
深圳市杰美特科技股份有限公司,橡胶与塑料制品
牧高笛户外用品股份有限公司,纺织与工业用布
国邦医药集团股份有限公司,医药与原料药制造
同宇新材料(广东)股份有限公司,电子元器件
杭州立昂微电子股份有限公司,半导体
无锡吉冈精密科技股份有限公司,汽车零部件
内蒙古福瑞医疗科技股份有限公司,机械设备
长春奥普光电技术股份有限公司,仪器仪表与传感器
无锡亿能电力设备股份有限公司,电气设备
新华都特种电气股份有限公司,光伏、储能与新能源设备
山东南山铝业股份有限公司,金属与基础材料
安徽佳先功能助剂股份有限公司,化工与新材料
深圳市沃特新材料股份有限公司,橡胶与塑料制品
百隆东方股份有限公司,纺织与工业用布
圣湘生物科技股份有限公司,医药与原料药制造
同方股份有限公司,电子元器件
杭州美迪凯光电科技股份有限公司,半导体
无锡威孚高科技集团股份有限公司,汽车零部件
内蒙古第一机械集团股份有限公司,机械设备
青岛鼎信通讯股份有限公司,仪器仪表与传感器
无锡新宏泰电器科技股份有限公司,电气设备
新疆大全新能源股份有限公司,光伏、储能与新能源设备
山东双一科技股份有限公司,金属与基础材料
安徽元琛环保科技股份有限公司,化工与新材料
深圳市骏鼎达新材料股份有限公司,橡胶与塑料制品
盛泰智造集团股份有限公司,纺织与工业用布
基蛋生物科技股份有限公司,医药与原料药制造
哈尔滨威帝电子股份有限公司,电子元器件
杭州长川科技股份有限公司,半导体
无锡市振华汽车部件股份有限公司,汽车零部件
冰山冷热科技股份有限公司,机械设备
麦克奥迪(厦门)电气股份有限公司,仪器仪表与传感器
昇辉智能科技股份有限公司,电气设备
无锡先导智能装备股份有限公司,光伏、储能与新能源设备
山东大业股份有限公司,金属与基础材料
安徽六国化工股份有限公司,化工与新材料
深圳王子新材料股份有限公司,橡胶与塑料制品
神马实业股份有限公司,纺织与工业用布
天圣制药集团股份有限公司,医药与原料药制造
哈尔滨新光光电科技股份有限公司,电子元器件
格兰康希通信科技(上海)股份有限公司,半导体
无锡蠡湖增压技术股份有限公司,汽车零部件
冰轮环境技术股份有限公司,机械设备
星德胜科技(苏州)股份有限公司,电气设备
无锡金杨精密制造股份有限公司,光伏、储能与新能源设备
山东宏桥铝业控股股份有限公司,金属与基础材料
安徽华业香料股份有限公司,化工与新材料
深圳瑞华泰薄膜科技股份有限公司,橡胶与塑料制品
福建七匹狼实业股份有限公司,纺织与工业用布
天士力医药集团股份有限公司,医药与原料药制造
嘉兴中润光学科技股份有限公司,电子元器件
武汉精测电子集团股份有限公司,半导体
无锡贝斯特精机股份有限公司,汽车零部件
创元科技股份有限公司,机械设备
木林森股份有限公司,电气设备
日出东方控股股份有限公司,光伏、储能与新能源设备
山东恒邦冶炼股份有限公司,金属与基础材料
安徽华塑股份有限公司,化工与新材料
深圳科创新源新材料股份有限公司,橡胶与塑料制品
福建凤竹纺织科技股份有限公司,纺织与工业用布
天津力生制药股份有限公司,医药与原料药制造
四会富仕电子科技股份有限公司,电子元器件
武汉高德红外股份有限公司,半导体
无锡鑫宏业线缆科技股份有限公司,汽车零部件
北京京城机电股份有限公司,机械设备
杭州中恒电气股份有限公司,电气设备
明冠新材料股份有限公司,光伏、储能与新能源设备
山东玻纤集团股份有限公司,金属与基础材料
安徽华尔泰化工股份有限公司,化工与新材料
湖北宏裕新型包材股份有限公司,橡胶与塑料制品
稳健医疗用品股份有限公司,纺织与工业用布
天津红日药业股份有限公司,医药与原料药制造
四创电子股份有限公司,电子元器件
气派科技股份有限公司,半导体
无锡锡南科技股份有限公司,汽车零部件
北京凯腾精工制版股份有限公司,机械设备
杭州微光电子股份有限公司,电气设备
易事特集团股份有限公司,光伏、储能与新能源设备
山东省药用玻璃股份有限公司,金属与基础材料
安徽华恒生物科技股份有限公司,化工与新材料
湖北祥源新材科技股份有限公司,橡胶与塑料制品
罗莱生活科技股份有限公司,纺织与工业用布
奥美医疗用品股份有限公司,医药与原料药制造
四川中光防雷科技股份有限公司,电子元器件
江苏亿通高科技股份有限公司,半导体
无锡隆盛科技股份有限公司,汽车零部件
北京北摩高科摩擦材料股份有限公司,机械设备
杭州热威电热科技股份有限公司,电气设备
昱能科技股份有限公司,光伏、储能与新能源设备
山东钢铁股份有限公司,金属与基础材料
安徽安纳达钛业股份有限公司,化工与新材料
漯河利通液压科技股份有限公司,橡胶与塑料制品
芜湖富春染织股份有限公司,纺织与工业用布
奥锐特药业股份有限公司,医药与原料药制造
四川九洲电器股份有限公司,电子元器件
江苏先锋精密科技股份有限公司,半导体
昆山沪光汽车电器股份有限公司,汽车零部件
北京博科测试系统股份有限公司,机械设备
杭州老板电器股份有限公司,电气设备
晶澳太阳能科技股份有限公司,光伏、储能与新能源设备
山东龙泉管业股份有限公司,金属与基础材料
安徽广信农化股份有限公司,化工与新材料
爱丽家居科技股份有限公司,橡胶与塑料制品
苏州太湖雪丝绸股份有限公司,纺织与工业用布
宁波美诺华药业股份有限公司,医药与原料药制造
四川千里倍益康医疗科技股份有限公司,电子元器件
江苏华海诚科新材料股份有限公司,半导体
明阳科技(苏州)股份有限公司,汽车零部件
北京天智航医疗科技股份有限公司,机械设备
横店集团得邦照明股份有限公司,电气设备
晶科能源股份有限公司,光伏、储能与新能源设备
山西华翔集团股份有限公司,金属与基础材料
安徽森泰木塑集团股份有限公司,化工与新材料
珠海中富实业股份有限公司,橡胶与塑料制品
苏州龙杰特种纤维股份有限公司,纺织与工业用布
安徽丰原药业股份有限公司,医药与原料药制造
四川华丰科技股份有限公司,电子元器件
江苏协昌电子科技集团股份有限公司,半导体
晋拓科技股份有限公司,汽车零部件
北京安达维尔科技股份有限公司,机械设备
欧普照明股份有限公司,电气设备
杭州华塑科技股份有限公司,光伏、储能与新能源设备
山西华阳新材料股份有限公司,金属与基础材料
安徽江南化工股份有限公司,化工与新材料
珠海市派特尔科技股份有限公司,橡胶与塑料制品
金发拉比妇婴童用品股份有限公司,纺织与工业用布
安徽安科生物工程(集团)股份有限公司,医药与原料药制造
四川天微电子股份有限公司,电子元器件
江苏卓胜微电子股份有限公司,半导体
杭州新坐标科技股份有限公司,汽车零部件
北京广厦环能科技股份有限公司,机械设备
武汉中元华电科技股份有限公司,电气设备
杭州星帅尔电器股份有限公司,光伏、储能与新能源设备
山西太钢不锈钢股份有限公司,金属与基础材料
安徽皖维高新材料股份有限公司,化工与新材料
福建纳川管材科技股份有限公司,橡胶与塑料制品
锦泓时装集团股份有限公司,纺织与工业用布
安徽山河药用辅料股份有限公司,医药与原料药制造
四川天邑康和通信股份有限公司,电子元器件
江苏南大光电材料股份有限公司,半导体
杭州正强传动股份有限公司,汽车零部件
北京新兴东方航空装备股份有限公司,机械设备
武汉宏海科技股份有限公司,电气设备
杭州柯林电气股份有限公司,光伏、储能与新能源设备
山西安泰集团股份有限公司,金属与基础材料
安徽省司尔特肥业股份有限公司,化工与新材料
美新科技股份有限公司,橡胶与塑料制品
际华集团股份有限公司,纺织与工业用布
安徽峆一药业股份有限公司,医药与原料药制造
四川福蓉科技股份公司,电子元器件
江苏大港股份有限公司,半导体
杭州雷迪克节能科技股份有限公司,汽车零部件
北京星网宇达科技股份有限公司,机械设备
永臻科技股份有限公司,电气设备
杭州电缆股份有限公司,光伏、储能与新能源设备
崇义章源钨业股份有限公司,金属与基础材料
安徽神剑新材料股份有限公司,化工与新材料
艾艾精密工业输送系统(上海)股份有限公司,橡胶与塑料制品
雅戈尔时尚股份有限公司,纺织与工业用布
安徽黄山胶囊股份有限公司,医药与原料药制造
四川长虹电器股份有限公司,电子元器件
江苏太平洋石英股份有限公司,半导体
桂林福达股份有限公司,汽车零部件
北京晶品特装科技股份有限公司,机械设备
汉宇集团股份有限公司,电气设备
杭州禾迈电力电子股份有限公司,光伏、储能与新能源设备
巨力索具股份有限公司,金属与基础材料
安道麦股份有限公司,化工与新材料
苏州宝丽迪材料科技股份有限公司,橡胶与塑料制品
青岛酷特智能股份有限公司,纺织与工业用布
山东华特达因健康股份有限公司,医药与原料药制造
国睿科技股份有限公司,电子元器件
江苏宏微科技股份有限公司,半导体
比亚迪股份有限公司,汽车零部件
北京沃尔德金刚石工具股份有限公司,机械设备
江苏中天科技股份有限公司,电气设备
杭州高特电子设备股份有限公司,光伏、储能与新能源设备
帝欧水华集团股份有限公司,金属与基础材料
宝泰隆新材料股份有限公司,化工与新材料
苏州禾昌聚合材料股份有限公司,橡胶与塑料制品
鲁泰纺织股份有限公司,纺织与工业用布
山东新华制药股份有限公司,医药与原料药制造
国科天成科技股份有限公司,电子元器件
江苏帝奥微电子股份有限公司,半导体
汉马科技集团股份有限公司,汽车零部件
北京瑞迈特医疗科技股份有限公司,机械设备
江苏中超控股股份有限公司,电气设备
横店集团东磁股份有限公司,光伏、储能与新能源设备
常友科技集团股份有限公司,金属与基础材料
宿迁联盛科技股份有限公司,化工与新材料
苏州赛伍应用技术股份有限公司,橡胶与塑料制品
山东未名生物医药股份有限公司,医药与原料药制造
大富科技(安徽)股份有限公司,电子元器件
江苏微导纳米科技股份有限公司,半导体
江南模塑科技股份有限公司,汽车零部件
北京航天长峰股份有限公司,机械设备
江苏亨通光电股份有限公司,电气设备
欣旺达电子股份有限公司,光伏、储能与新能源设备
常熟风范电力设备股份有限公司,金属与基础材料
山东一诺威聚氨酯股份有限公司,化工与新材料
英科医疗科技股份有限公司,橡胶与塑料制品
山东步长制药股份有限公司,医药与原料药制造
大恒新纪元科技股份有限公司,电子元器件
江苏捷捷微电子股份有限公司,半导体
江苏中捷精工科技股份有限公司,汽车零部件
北京航空材料研究院股份有限公司,机械设备
江苏华辰变压器股份有限公司,电气设备
欧克科技股份有限公司,光伏、储能与新能源设备
平顶山东方碳素股份有限公司,金属与基础材料
山东三维化学集团股份有限公司,化工与新材料
茶花现代家居用品股份有限公司,橡胶与塑料制品
山东沃华医药科技股份有限公司,医药与原料药制造
大连达利凯普科技股份公司,电子元器件
江苏永鼎股份有限公司,半导体
江苏云意电气股份有限公司,汽车零部件
北京诚益通控制技术集团股份有限公司,机械设备
江苏华阳智能装备股份有限公司,电气设备
武汉市蓝电电子股份有限公司,光伏、储能与新能源设备
广东三和管桩股份有限公司,金属与基础材料
山东东岳有机硅材料股份有限公司,化工与新材料
蓝帆医疗股份有限公司,橡胶与塑料制品
山东科源制药股份有限公司,医药与原料药制造
天津七一二通信广播股份有限公司,电子元器件
江苏长电科技股份有限公司,半导体
江苏南方精工股份有限公司,汽车零部件
北京铁科首钢轨道技术股份有限公司,机械设备
江苏安靠智电股份有限公司,电气设备
永兴特种材料科技股份有限公司,光伏、储能与新能源设备
广东东方锆业科技股份有限公司,金属与基础材料
山东中农联合生物科技股份有限公司,化工与新材料
贵州轮胎股份有限公司,橡胶与塑料制品
山东赛托生物科技股份有限公司,医药与原料药制造
天津凯华绝缘材料股份有限公司,电子元器件
江西联创光电科技股份有限公司,半导体
江苏博俊工业科技股份有限公司,汽车零部件
北京鼎汉技术集团股份有限公司,机械设备
江苏恒太照明股份有限公司,电气设备
江苏中信博新能源科技股份有限公司,光伏、储能与新能源设备
广东东鹏控股股份有限公司,金属与基础材料
山东先达农化股份有限公司,化工与新材料
赛轮集团股份有限公司,橡胶与塑料制品
山东金城医药集团股份有限公司,医药与原料药制造
天津普林电路股份有限公司,电子元器件
江阴市赛英电子股份有限公司,半导体
江苏太平洋精锻科技股份有限公司,汽车零部件
北方光电股份有限公司,机械设备
江苏扬电科技股份有限公司,电气设备
江苏中利集团股份有限公司,光伏、储能与新能源设备
广东中南钢铁股份有限公司,金属与基础材料
山东农大肥业科技股份有限公司,化工与新材料
通达创智(厦门)股份有限公司,橡胶与塑料制品
山东鲁抗医药股份有限公司,医药与原料药制造
天津经纬辉开光电股份有限公司,电子元器件
沈阳富创精密设备股份有限公司,半导体
江苏奥力威传感高科股份有限公司,汽车零部件
北矿科技股份有限公司,机械设备
江苏春兰制冷设备股份有限公司,电气设备
江苏北人智能制造科技股份有限公司,光伏、储能与新能源设备
广东中旗新材料股份有限公司,金属与基础材料
山东凯盛新材料股份有限公司,化工与新材料
金华春光橡塑科技股份有限公司,橡胶与塑料制品
山西仟源医药集团股份有限公司,医药与原料药制造
天津锐新昌科技股份有限公司,电子元器件
沈阳芯源微电子设备股份有限公司,半导体
江苏嵘泰工业股份有限公司,汽车零部件
北自所(北京)科技发展股份有限公司,机械设备
江苏洛凯机电股份有限公司,电气设备
江苏华盛锂电材料股份有限公司,光伏、储能与新能源设备
广东四通集团股份有限公司,金属与基础材料
山东华阳迪尔化工股份有限公司,化工与新材料
金发科技股份有限公司,橡胶与塑料制品
山西振东制药股份有限公司,医药与原料药制造
天通控股股份有限公司,电子元器件
沐曦集成电路(上海)股份有限公司,半导体
江苏常熟汽饰集团股份有限公司,汽车零部件
华丰动力股份有限公司,机械设备
江苏神马电力股份有限公司,电气设备
江苏双星彩塑新材料股份有限公司,光伏、储能与新能源设备
广东坚朗五金制品股份有限公司,金属与基础材料
山东华鲁恒升化工股份有限公司,化工与新材料
金富科技股份有限公司,橡胶与塑料制品
山西锦波生物医药股份有限公司,医药与原料药制造
天键电声股份有限公司,电子元器件
河北中瓷电子科技股份有限公司,半导体
江苏新泉汽车饰件股份有限公司,汽车零部件
华昌达智能装备集团股份有限公司,机械设备
江苏立霸实业股份有限公司,电气设备
江苏同力天启科技股份有限公司,光伏、储能与新能源设备
广东塔牌集团股份有限公司,金属与基础材料
山东博苑新材料股份有限公司,化工与新材料
陕西科隆新材料科技股份有限公司,橡胶与塑料制品
常州千红生化制药股份有限公司,医药与原料药制造
天马微电子股份有限公司,电子元器件
河南仕佳光子科技股份有限公司,半导体
江苏日盈电子股份有限公司,汽车零部件
华纬科技股份有限公司,机械设备
江苏蓝丰生物化工股份有限公司,电气设备
江苏大烨智能电气股份有限公司,光伏、储能与新能源设备
广东天安新材料股份有限公司,金属与基础材料
山东国瓷功能材料股份有限公司,化工与新材料
震安科技股份有限公司,橡胶与塑料制品
广东万年青制药股份有限公司,医药与原料药制造
奕东电子科技股份有限公司,电子元器件
泰凌微电子(上海)股份有限公司,半导体
江苏易实精密科技股份有限公司,汽车零部件
华荣科技股份有限公司,机械设备
江苏通光电子线缆股份有限公司,电气设备
江苏宝馨科技股份有限公司,光伏、储能与新能源设备
广东奔朗新材料股份有限公司,金属与基础材料
山东新叶化学股份有限公司,化工与新材料
青岛三祥科技股份有限公司,橡胶与塑料制品
广东众生药业股份有限公司,医药与原料药制造
奥士康科技股份有限公司,电子元器件
浙江中晶科技股份有限公司,半导体
江苏朗信电气股份有限公司,汽车零部件
华西能源工业股份有限公司,机械设备
江苏通达动力科技股份有限公司,电气设备
江苏恒立液压股份有限公司,光伏、储能与新能源设备
广东好太太科技集团股份有限公司,金属与基础材料
山东日科化学股份有限公司,化工与新材料
青岛双星股份有限公司,橡胶与塑料制品
广东凯普生物科技股份有限公司,医药与原料药制造
奥比中光科技集团股份有限公司,电子元器件
浙江晶盛机电股份有限公司,半导体
江苏林泰新材科技股份有限公司,汽车零部件
华辰精密装备(昆山)股份有限公司,机械设备
江苏金智科技股份有限公司,电气设备
江苏振江新能源装备股份有限公司,光伏、储能与新能源设备
广东精艺金属股份有限公司,金属与基础材料
山东泰和科技股份有限公司,化工与新材料
青岛国恩科技股份有限公司,橡胶与塑料制品
广东嘉应制药股份有限公司,医药与原料药制造
好利来(中国)电子科技股份有限公司,电子元器件
浙江水晶光电科技股份有限公司,半导体
江苏纽泰格科技集团股份有限公司,汽车零部件
卓郎智能技术股份有限公司,机械设备
江苏雷利电机股份有限公司,电气设备
江苏林洋能源股份有限公司,光伏、储能与新能源设备
广东翔鹭钨业股份有限公司,金属与基础材料
山东海化股份有限公司,化工与新材料
青岛森麒麟轮胎股份有限公司,橡胶与塑料制品
广东永顺生物制药股份有限公司,医药与原料药制造
威胜信息技术股份有限公司,电子元器件
浙江臻镭科技股份有限公司,半导体
江铃汽车股份有限公司,汽车零部件
南京伟思医疗科技股份有限公司,机械设备
江苏鼎智智能控制科技股份有限公司,电气设备
江苏正泰电源科技股份有限公司,光伏、储能与新能源设备
广东英联包装股份有限公司,金属与基础材料
山东潍坊润丰化工股份有限公司,化工与新材料
青岛泰凯英专用轮胎股份有限公司,橡胶与塑料制品
广东溢多利生物科技股份有限公司,医药与原料药制造
宁波GQY视讯股份有限公司,电子元器件
浙江铖昌科技股份有限公司,半导体
江阴标榜汽车部件股份有限公司,汽车零部件
南京佳力图机房环境技术股份有限公司,机械设备
江西沐邦高科股份有限公司,电气设备
江苏泽润新能科技股份有限公司,光伏、储能与新能源设备
广东豪美新材股份有限公司,金属与基础材料
山东瑞丰高分子材料股份有限公司,化工与新材料
顾地科技股份有限公司,橡胶与塑料制品
广州万孚生物技术股份有限公司,医药与原料药制造
宁波兴瑞电子科技股份有限公司,电子元器件
深圳中科飞测科技股份有限公司,半导体
河北世昌汽车部件股份有限公司,汽车零部件
南京埃斯顿自动化股份有限公司,机械设备
江阴华新精密科技股份有限公司,电气设备
江苏海力风电设备科技股份有限公司,光伏、储能与新能源设备
广东金戈新材料股份有限公司,金属与基础材料
山东联创产业发展集团股份有限公司,化工与新材料
风神轮胎股份有限公司,橡胶与塑料制品
广州安必平医药科技股份有限公司,医药与原料药制造
宁波均胜电子股份有限公司,电子元器件
深圳佰维存储科技股份有限公司,半导体
河北科力汽车装备股份有限公司,汽车零部件
南京宝色股份公司,机械设备
沈阳宏远电磁线股份有限公司,电气设备
江苏蔚蓝锂芯集团股份有限公司,光伏、储能与新能源设备
广东飞南资源利用股份有限公司,金属与基础材料
山东联科科技股份有限公司,化工与新材料
黄山永新股份有限公司,橡胶与塑料制品
广州市香雪制药股份有限公司,医药与原料药制造
宁波容百新能源科技股份有限公司,电子元器件
深圳同兴达科技股份有限公司,半导体
河南同心传动股份有限公司,汽车零部件
南京康尼机电股份有限公司,机械设备
河北华通线缆集团股份有限公司,电气设备
江苏赛福天集团股份有限公司,光伏、储能与新能源设备
广东鼎泰高科技术股份有限公司,金属与基础材料
山东赫达集团股份有限公司,化工与新材料
广州必贝特医药股份有限公司,医药与原料药制造
宁波波导股份有限公司,电子元器件
深圳和而泰智能控制股份有限公司,半导体
浙江万丰奥威汽轮股份有限公司,汽车零部件
南京晶升装备股份有限公司,机械设备
河南森源电气股份有限公司,电气设备
江苏远航精密合金科技股份有限公司,光伏、储能与新能源设备
广州海鸥住宅工业股份有限公司,金属与基础材料
山东键邦新材料股份有限公司,化工与新材料
广州白云山医药集团股份有限公司,医药与原料药制造
安徽壹石通材料科技股份有限公司,电子元器件
深圳市中科蓝讯科技股份有限公司,半导体
浙江万安科技股份有限公司,汽车零部件
南京磁谷科技股份有限公司,机械设备
河南辉煌科技股份有限公司,电气设备
江苏通灵电器股份有限公司,光伏、储能与新能源设备
张家港中环海陆高端装备股份有限公司,金属与基础材料
山东阳谷华泰化工股份有限公司,化工与新材料
广州达安基因股份有限公司,医药与原料药制造
安徽晶赛科技股份有限公司,电子元器件
深圳市共进电子股份有限公司,半导体
浙江万里扬股份有限公司,汽车零部件
南京腾亚精工科技股份有限公司,机械设备
河南通达电缆股份有限公司,电气设备
江苏酉立智能装备股份有限公司,光伏、储能与新能源设备
张家港海锅新能源装备股份有限公司,金属与基础材料
山东隆华新材料股份有限公司,化工与新材料
广西中哲精化科技股份有限公司,医药与原料药制造
安徽芯瑞达科技股份有限公司,电子元器件
深圳市兴森快捷电路科技股份有限公司,半导体
浙江世宝股份有限公司,汽车零部件
南京迪威尔高端制造股份有限公司,机械设备
泰胜风能集团股份有限公司,电气设备
江西海源复合材料科技股份有限公司,光伏、储能与新能源设备
张小泉股份有限公司,金属与基础材料
山东鲁北化工股份有限公司,化工与新材料
广西梧州中恒集团股份有限公司,医药与原料药制造
安徽铜冠铜箔集团股份有限公司,电子元器件
深圳市劲拓自动化设备股份有限公司,半导体
浙江中马传动股份有限公司,汽车零部件
南京雷尔伟新技术股份有限公司,机械设备
泰豪科技股份有限公司,电气设备
江西赣锋锂业集团股份有限公司,光伏、储能与新能源设备
徐州浩通新材料科技集团股份有限公司,金属与基础材料
山东齐鲁华信实业股份有限公司,化工与新材料
广誉远中药股份有限公司,医药与原料药制造
安徽铜峰电子股份有限公司,电子元器件
深圳市大为创新科技股份有限公司,半导体
浙江亚太机电股份有限公司,汽车零部件
南兴装备股份有限公司,机械设备
浙江万马股份有限公司,电气设备
沧州明珠塑料股份有限公司,光伏、储能与新能源设备
怡球金属资源再生(中国)股份有限公司,金属与基础材料
山西同德化工股份有限公司,化工与新材料
康希诺生物股份公司,医药与原料药制造
安徽龙磁科技股份有限公司,电子元器件
深圳市容大感光科技股份有限公司,半导体
浙江今飞凯达轮毂股份有限公司,汽车零部件
南方泵业股份有限公司,机械设备
浙江亿田智能厨电股份有限公司,电气设备
河南安彩高科股份有限公司,光伏、储能与新能源设备
恒锋工具股份有限公司,金属与基础材料
山西壶化集团股份有限公司,化工与新材料
康美药业股份有限公司,医药与原料药制造
安福县海能实业股份有限公司,电子元器件
深圳市德明利技术股份有限公司,半导体
浙江仙通橡塑股份有限公司,汽车零部件
南方风机股份有限公司,机械设备
浙江兆龙互连科技股份有限公司,电气设备
河南平高电气股份有限公司,光伏、储能与新能源设备
悍高集团股份有限公司,金属与基础材料
山西永东化工股份有限公司,化工与新材料
康芝药业股份有限公司,医药与原料药制造
宏昌电子材料股份有限公司,电子元器件
深圳市捷佳伟创新能源装备股份有限公司,半导体
浙江兆丰机电股份有限公司,汽车零部件
南昌矿机集团股份有限公司,机械设备
浙江天正电气股份有限公司,电气设备
河南易成新能源股份有限公司,光伏、储能与新能源设备
惠丰钻石股份有限公司,金属与基础材料
山西潞安化工科技股份有限公司,化工与新材料
德展大健康股份有限公司,医药与原料药制造
宝鼎科技股份有限公司,电子元器件
深圳市昌红科技股份有限公司,半导体
浙江华远汽车科技股份有限公司,汽车零部件
南通国盛智能科技集团股份有限公司,机械设备
浙江帅丰电器股份有限公司,电气设备
浙江华友钴业股份有限公司,光伏、储能与新能源设备
惠达卫浴股份有限公司,金属与基础材料
山西焦化股份有限公司,化工与新材料
恩威医药股份有限公司,医药与原料药制造
宸展光电(厦门)股份有限公司,电子元器件
深圳市易天自动化设备股份有限公司,半导体
浙江双环传动机械股份有限公司,汽车零部件
南通星球石墨股份有限公司,机械设备
浙江捷昌线性驱动科技股份有限公司,电气设备
浙江南都电源动力股份有限公司,光伏、储能与新能源设备
扬州海昌新材股份有限公司,金属与基础材料
岳阳兴长石化股份有限公司,化工与新材料
悦康药业集团股份有限公司,医药与原料药制造
富士康工业互联网股份有限公司,电子元器件
深圳市智立方自动化设备股份有限公司,半导体
浙江天成自控股份有限公司,汽车零部件
南通超达装备股份有限公司,机械设备
浙江方正电机股份有限公司,电气设备
浙江天宏锂电股份有限公司,光伏、储能与新能源设备
抚顺特殊钢股份有限公司,金属与基础材料
常州强力电子新材料股份有限公司,化工与新材料
成都华神科技集团股份有限公司,医药与原料药制造
山东信通电子股份有限公司,电子元器件
深圳市杰普特光电股份有限公司,半导体
浙江宏鑫科技股份有限公司,汽车零部件
博众精工科技股份有限公司,机械设备
浙江晨光电缆股份有限公司,电气设备
浙江帕瓦新能源股份有限公司,光伏、储能与新能源设备
振宏重工(江苏)股份有限公司,金属与基础材料
广东丸美生物技术股份有限公司,化工与新材料
成都圣诺生物科技股份有限公司,医药与原料药制造
山东新北洋信息技术股份有限公司,电子元器件
深圳市民德电子科技股份有限公司,半导体
浙江富特科技股份有限公司,汽车零部件
厚普清洁能源(集团)股份有限公司,机械设备
浙江比依电器股份有限公司,电气设备
浙江德宏汽车电子电器股份有限公司,光伏、储能与新能源设备
攀枝花秉扬科技股份有限公司,金属与基础材料
广东宇新能源科技股份有限公司,化工与新材料
成都康华生物制品股份有限公司,医药与原料药制造
山东春光科技集团股份有限公司,电子元器件
深圳市汇顶科技股份有限公司,半导体
浙江捷众科技股份有限公司,汽车零部件
厦门中创环保科技股份有限公司,机械设备
浙江盛洋科技股份有限公司,电气设备
浙江恒威电池股份有限公司,光伏、储能与新能源设备
攀钢集团钒钛资源股份有限公司,金属与基础材料
广东广康生化科技股份有限公司,化工与新材料
成都康弘药业集团股份有限公司,医药与原料药制造
崇达技术股份有限公司,电子元器件
深圳市江波龙电子股份有限公司,半导体
浙江斯菱智能驱动集团股份有限公司,汽车零部件
厦门厦工机械股份有限公司,机械设备
浙江美大实业股份有限公司,电气设备
浙江晨丰科技股份有限公司,光伏、储能与新能源设备
新余钢铁股份有限公司,金属与基础材料
广东德美精细化工集团股份有限公司,化工与新材料
成都欧康医药股份有限公司,医药与原料药制造
常州中英科技股份有限公司,电子元器件
深圳市深科达智能装备股份有限公司,半导体
浙江松原汽车安全系统股份有限公司,汽车零部件
厦门思泰克智能科技股份有限公司,机械设备
浙江美硕电气科技股份有限公司,电气设备
浙江杭可科技股份有限公司,光伏、储能与新能源设备
新兴铸管股份有限公司,金属与基础材料
广东惠云钛业股份有限公司,化工与新材料
成都欧林生物科技股份有限公司,医药与原料药制造
常州澳弘电子股份有限公司,电子元器件
深圳市澄天伟业科技股份有限公司,半导体
浙江正裕工业股份有限公司,汽车零部件
厦门鼎熔岩科技股份有限公司,机械设备
浙江苏泊尔股份有限公司,电气设备
浙江正泰电器股份有限公司,光伏、储能与新能源设备
新疆八一钢铁股份有限公司,金属与基础材料
广东红墙新材料股份有限公司,化工与新材料
成都苑东生物制药股份有限公司,医药与原料药制造
广东世运电路科技股份有限公司,电子元器件
深圳市联得自动化装备股份有限公司,半导体
浙江泰鸿万立科技股份有限公司,汽车零部件
双飞无油轴承集团股份有限公司,机械设备
浙江长城电工科技股份有限公司,电气设备
浙江海盐力源环保科技股份有限公司,光伏、储能与新能源设备
新疆合金投资股份有限公司,金属与基础材料
广东美联新材料股份有限公司,化工与新材料
拓新药业集团股份有限公司,医药与原料药制造
广东九联科技股份有限公司,电子元器件
深圳市鑫汇科股份有限公司,半导体
浙江科马摩擦材料股份有限公司,汽车零部件
合肥井松智能科技股份有限公司,机械设备
浙江阳光照明电器集团股份有限公司,电气设备
浙江艾罗网络能源技术股份有限公司,光伏、储能与新能源设备
新疆国统管道股份有限公司,金属与基础材料
广东芭薇生物科技股份有限公司,化工与新材料
振德医疗用品股份有限公司,医药与原料药制造
广东依顿电子科技股份有限公司,电子元器件
深圳市铂科新材料股份有限公司,半导体
浙江美力科技股份有限公司,汽车零部件
合肥合锻智能制造股份有限公司,机械设备
海信家电集团股份有限公司,电气设备
浙江艾能聚光伏科技股份有限公司,光伏、储能与新能源设备
新疆青松建材化工集团股份有限公司,金属与基础材料
广州三孚新材料科技股份有限公司,化工与新材料
新天地药业股份有限公司,医药与原料药制造
广东华特气体股份有限公司,电子元器件
深圳市领先半导体科技产业股份有限公司,半导体
浙江跃岭股份有限公司,汽车零部件
合肥工大高科信息科技股份有限公司,机械设备
海尔智家股份有限公司,电气设备
浙江野马电池股份有限公司,光伏、储能与新能源设备
方大炭素新材料科技股份有限公司,金属与基础材料
广州凌玮科技股份有限公司,化工与新材料
无锡晶海氨基酸股份有限公司,医药与原料药制造
广东华锋新能源科技股份有限公司,电子元器件
深圳市龙图光罩股份有限公司,半导体
浙江金固股份有限公司,汽车零部件
合肥江航飞机装备股份有限公司,机械设备
海洋王照明科技股份有限公司,电气设备
海南金盘智能科技股份有限公司,光伏、储能与新能源设备
方大特钢科技股份有限公司,金属与基础材料
广州慧谷新材料科技股份有限公司,化工与新材料
昆药集团股份有限公司,医药与原料药制造
广东嘉元科技股份有限公司,电子元器件
深圳新益昌科技股份有限公司,半导体
浙江银轮机械股份有限公司,汽车零部件
合肥泰禾智能科技集团股份有限公司,机械设备
深圳市优优绿能股份有限公司,电气设备
海南钧达新能源科技股份有限公司,光伏、储能与新能源设备
方大集团股份有限公司,金属与基础材料
广州集泰化工股份有限公司,化工与新材料
普洛药业股份有限公司,医药与原料药制造
广东安居宝数码科技股份有限公司,电子元器件
深圳英集芯科技股份有限公司,半导体
浙江黎明智造股份有限公司,汽车零部件
合肥美亚光电技术股份有限公司,机械设备
深圳市倍轻松科技股份有限公司,电气设备
海螺(安徽)节能环保新材料股份有限公司,光伏、储能与新能源设备
无锡化工装备股份有限公司,金属与基础材料
康达新材料(集团)股份有限公司,化工与新材料
普莱柯生物工程股份有限公司,医药与原料药制造
广东弘景光电科技股份有限公司,电子元器件
深圳长城开发科技股份有限公司,半导体
海联金汇科技股份有限公司,汽车零部件
合肥芯碁微电子装备股份有限公司,机械设备
深圳市兆威机电股份有限公司,电气设备
深圳可立克科技股份有限公司,光伏、储能与新能源设备
无锡派克新材料科技股份有限公司,金属与基础材料
开滦能源化工股份有限公司,化工与新材料
杭州博拓生物科技股份有限公司,医药与原料药制造
广东思泉新材料股份有限公司,电子元器件
湖北台基半导体股份有限公司,半导体
海马汽车股份有限公司,汽车零部件
君禾泵业股份有限公司,机械设备
深圳市凯中精密技术股份有限公司,电气设备
深圳奥特迅电力设备股份有限公司,光伏、储能与新能源设备
无锡海达尔精密滑轨股份有限公司,金属与基础材料
彤程新材料集团股份有限公司,化工与新材料
杭州天目山药业股份有限公司,医药与原料药制造
广东惠伦晶体科技股份有限公司,电子元器件
湖北菲利华石英玻璃股份有限公司,半导体
深圳威迈斯新能源(集团)股份有限公司,汽车零部件
哈尔滨博实自动化股份有限公司,机械设备
深圳市北鼎晶辉科技股份有限公司,电气设备
深圳市信宇人科技股份有限公司,光伏、储能与新能源设备
昇兴集团股份有限公司,金属与基础材料
恒力石化股份有限公司,化工与新材料
杭州奥泰生物技术股份有限公司,医药与原料药制造
广东惠威电声科技股份有限公司,电子元器件
湖北鼎龙控股股份有限公司,半导体
深圳欣锐科技股份有限公司,汽车零部件
哈尔滨国铁科技集团股份有限公司,机械设备
深圳市实益达科技股份有限公司,电气设备
深圳市华宝新能源股份有限公司,光伏、储能与新能源设备
明光瑞尔竞达科技股份有限公司,金属与基础材料
惠州仁信新材料股份有限公司,化工与新材料
杭州安旭生物科技股份有限公司,医药与原料药制造
广东新劲刚科技股份有限公司,电子元器件
湖南国科微电子股份有限公司,半导体
渤海汽车系统股份有限公司,汽车零部件
哈尔滨岛田大鹏工业股份有限公司,机械设备
深圳市汇川技术股份有限公司,电气设备
深圳市同洲电子股份有限公司,光伏、储能与新能源设备
有研粉末新材料股份有限公司,金属与基础材料
惠柏新材料科技(上海)股份有限公司,化工与新材料
杭州民生健康药业股份有限公司,医药与原料药制造
广东朝阳电子科技股份有限公司,电子元器件
澜起科技股份有限公司,半导体
温州市冠盛汽车零部件集团股份有限公司,汽车零部件
哈尔滨空调股份有限公司,机械设备
深圳市禾望电气股份有限公司,电气设备
深圳市尚水智能股份有限公司,光伏、储能与新能源设备
有研金属复合材料(北京)股份公司,金属与基础材料
成都硅宝科技股份有限公司,化工与新材料
株洲千金药业股份有限公司,医药与原料药制造
广东格林精密部件股份有限公司,电子元器件
炬芯科技股份有限公司,半导体
湖北华阳汽车变速系统股份有限公司,汽车零部件
唐山冀东装备工程股份有限公司,机械设备
深圳市联域光电股份有限公司,电气设备
深圳市崧盛电子股份有限公司,光伏、储能与新能源设备
本钢板材股份有限公司,金属与基础材料
扬州晨化新材料股份有限公司,化工与新材料
桂林三金药业股份有限公司,医药与原料药制造
广东欧莱高新材料股份有限公司,电子元器件
烟台睿创微纳技术股份有限公司,半导体
湖北开特汽车电子电器系统股份有限公司,汽车零部件
四川优机实业股份有限公司,机械设备
深圳市英可瑞科技股份有限公司,电气设备
深圳市德方纳米科技股份有限公司,光伏、储能与新能源设备
杨凌美畅新材料股份有限公司,金属与基础材料
扬帆新材料(浙江)股份有限公司,化工与新材料
桂林莱茵生物科技股份有限公司,医药与原料药制造
广东汕头超声电子股份有限公司,电子元器件
珠海全志科技股份有限公司,半导体
湖南天雁机械股份有限公司,汽车零部件
四川川润股份有限公司,机械设备
深圳市首航新能源股份有限公司,电气设备
深圳市德赛电池科技股份有限公司,光伏、储能与新能源设备
杭州华光焊接新材料股份有限公司,金属与基础材料
拉芳家化股份有限公司,化工与新材料
武汉回盛生物科技股份有限公司,医药与原料药制造
广东瑞德智能科技股份有限公司,电子元器件
珠海航宇微科技股份有限公司,半导体
湖南美湖智造股份有限公司,汽车零部件
四川港通医疗设备集团股份有限公司,机械设备
深圳民爆光电股份有限公司,电气设备
深圳市拓日新能源科技股份有限公司,光伏、储能与新能源设备
杭州大地海洋环保股份有限公司,金属与基础材料
新东方新材料股份有限公司,化工与新材料
武汉明德生物科技股份有限公司,医药与原料药制造
广东甘化科工股份有限公司,电子元器件
瑞芯微电子股份有限公司,半导体
滁州多利汽车科技股份有限公司,汽车零部件
四川省自贡运输机械集团股份有限公司,机械设备
深圳爱克莱特科技股份有限公司,电气设备
深圳市振邦智能科技股份有限公司,光伏、储能与新能源设备
杭州屹通新材料股份有限公司,金属与基础材料
新乡市瑞丰新材料股份有限公司,化工与新材料
武汉海特生物制药股份有限公司,医药与原料药制造
广东生益科技股份有限公司,电子元器件
甬矽电子(宁波)股份有限公司,半导体
潍柴动力股份有限公司,汽车零部件
四川科新机电股份有限公司,机械设备
深圳科士达科技股份有限公司,电气设备
深圳市新星轻合金材料股份有限公司,光伏、储能与新能源设备
杭州巨星科技股份有限公司,金属与基础材料
新亚强硅化学股份有限公司,化工与新材料
武汉禾元生物科技股份有限公司,医药与原料药制造
广东盛路通信科技股份有限公司,电子元器件
盛美半导体设备(上海)股份有限公司,半导体
烟台亚通精工机械股份有限公司,汽车零部件
四川蜀道装备科技股份有限公司,机械设备
深圳金信诺高新技术股份有限公司,电气设备
深圳市星源材质科技股份有限公司,光伏、储能与新能源设备
杭州钢铁股份有限公司,金属与基础材料
新洋丰农业科技股份有限公司,化工与新材料
武汉科前生物股份有限公司,医药与原料药制造
广东科翔电子科技股份有限公司,电子元器件
矽电半导体设备(深圳)股份有限公司,半导体
爱柯迪股份有限公司,汽车零部件
四川西南交大铁路发展股份有限公司,机械设备
温州宏丰电工合金股份有限公司,电气设备
深圳市盛弘电气股份有限公司,光伏、储能与新能源设备
杭萧钢构股份有限公司,金属与基础材料
新疆中泰化学股份有限公司,化工与新材料
汉商集团股份有限公司,医药与原料药制造
广东纳睿雷达科技股份有限公司,电子元器件
紫光国芯微电子股份有限公司,半导体
珠海英搏尔电气股份有限公司,汽车零部件
国安达股份有限公司,机械设备
温州聚星科技股份有限公司,电气设备
深圳市科信通信技术股份有限公司,光伏、储能与新能源设备
柳州钢铁股份有限公司,金属与基础材料
新疆天业股份有限公司,化工与新材料
江苏亚虹医药科技股份有限公司,医药与原料药制造
广东美信科技股份有限公司,电子元器件
美芯晟科技(北京)股份有限公司,半导体
神通科技集团股份有限公司,汽车零部件
国机精工集团股份有限公司,机械设备
湖北久量股份有限公司,电气设备
深圳市科达利实业股份有限公司,光伏、储能与新能源设备
株洲冶炼集团股份有限公司,金属与基础材料
新疆雪峰科技(集团)股份有限公司,化工与新材料
江苏华兰药用新材料股份有限公司,医药与原料药制造
广东莱尔新材料科技股份有限公司,电子元器件
翰博高新材料(合肥)股份有限公司,半导体
祥鑫科技股份有限公司,汽车零部件
国机通用机械科技股份有限公司,机械设备
湖南华菱线缆股份有限公司,电气设备
深圳市科陆电子科技股份有限公司,光伏、储能与新能源设备
株洲华锐精密工具股份有限公司,金属与基础材料
无锡洪汇新材料科技股份有限公司,化工与新材料
江苏南方卫材医药股份有限公司,医药与原料药制造
广东辰奕智能科技股份有限公司,电子元器件
翱捷科技股份有限公司,半导体
科华控股股份有限公司,汽车零部件
国机重型装备集团股份有限公司,机械设备
湖南广信科技股份有限公司,电气设备
深圳市英威腾电气股份有限公司,光伏、储能与新能源设备
株洲旗滨集团股份有限公司,金属与基础材料
无锡阿科力科技股份有限公司,化工与新材料
江苏吉贝尔药业股份有限公司,医药与原料药制造
广东通宇通讯股份有限公司,电子元器件
聚光科技(杭州)股份有限公司,半导体
科博达技术股份有限公司,汽车零部件
大博医疗科技股份有限公司,机械设备
湘潭电机股份有限公司,电气设备
深圳市英维克科技股份有限公司,光伏、储能与新能源设备
株洲欧科亿数控精密刀具股份有限公司,金属与基础材料
昆山亚香香料股份有限公司,化工与新材料
江苏四环生物股份有限公司,医药与原料药制造
广东风华高新科技股份有限公司,电子元器件
聚灿光电科技股份有限公司,半导体
精进电动科技股份有限公司,汽车零部件
大族激光科技产业集团股份有限公司,机械设备
澳柯玛股份有限公司,电气设备
深圳市豪鹏科技股份有限公司,光伏、储能与新能源设备
格林美股份有限公司,金属与基础材料
昆明川金诺化工股份有限公司,化工与新材料
江苏康为世纪生物科技股份有限公司,医药与原料药制造
广东骏亚电子科技股份有限公司,电子元器件
聚辰半导体股份有限公司,半导体
纳百川新能源股份有限公司,汽车零部件
大连智云自动化装备股份有限公司,机械设备
火星人厨具股份有限公司,电气设备
深圳市赢合科技股份有限公司,光伏、储能与新能源设备
永杰新材料股份有限公司,金属与基础材料
昊华化工科技集团股份有限公司,化工与新材料
江苏康缘药业股份有限公司,医药与原料药制造
广东魅视科技股份有限公司,电子元器件
芯海科技(深圳)股份有限公司,半导体
航天科技控股集团股份有限公司,汽车零部件
大连汇隆活塞股份有限公司,机械设备
特变电工股份有限公司,电气设备
深圳市超频三科技股份有限公司,光伏、储能与新能源设备
汕头万顺新材集团股份有限公司,金属与基础材料
易普力股份有限公司,化工与新材料
江苏德源药业股份有限公司,医药与原料药制造
广州中海达卫星导航技术股份有限公司,电子元器件
芯联集成电路制造股份有限公司,半导体
芜湖三联锻造股份有限公司,汽车零部件
大连美德乐工业自动化股份有限公司,机械设备
珠海拾比佰彩图板股份有限公司,电气设备
深圳市长方集团股份有限公司,光伏、储能与新能源设备
江苏丽岛新材料股份有限公司,金属与基础材料
星辉环保材料股份有限公司,化工与新材料
江苏恒瑞医药股份有限公司,医药与原料药制造
广州天赐高新材料股份有限公司,电子元器件
苏州华兴源创科技股份有限公司,半导体
芜湖伯特利汽车安全系统股份有限公司,汽车零部件
大连豪森智能制造股份有限公司,机械设备
珠海格力电器股份有限公司,电气设备
深圳市雄韬电源科技股份有限公司,光伏、储能与新能源设备
江苏九鼎新材料股份有限公司,金属与基础材料
杭华油墨股份有限公司,化工与新材料
江苏恩华药业股份有限公司,医药与原料药制造
广州广合科技股份有限公司,电子元器件
苏州固锝电子股份有限公司,半导体
芜湖福赛科技股份有限公司,汽车零部件
天地科技股份有限公司,机械设备
石家庄科林电气股份有限公司,电气设备
深圳拓邦股份有限公司,光伏、储能与新能源设备
江苏亚太轻合金科技股份有限公司,金属与基础材料
杭州凯大催化金属材料股份有限公司,化工与新材料
江苏森萱医药股份有限公司,医药与原料药制造
广州广哈通信股份有限公司,电子元器件
苏州天准科技股份有限公司,半导体
苏州众捷汽车零部件股份有限公司,汽车零部件
天津九安医疗电子股份有限公司,机械设备
石家庄通合电子科技股份有限公司,电气设备
清源科技股份有限公司,光伏、储能与新能源设备
江苏凯伦建材股份有限公司,金属与基础材料
杭州格林达电子材料股份有限公司,化工与新材料
江苏浩欧博生物医药股份有限公司,医药与原料药制造
广州广钢气体能源股份有限公司,电子元器件
苏州晶方半导体科技股份有限公司,半导体
苏州汇川联合动力系统股份有限公司,汽车零部件
天津凯发电气股份有限公司,机械设备
神驰机电股份有限公司,电气设备
温州意华接插件股份有限公司,光伏、储能与新能源设备
江苏利通电子股份有限公司,金属与基础材料
杭州福莱蒽特股份有限公司,化工与新材料
江苏爱舍伦医疗科技集团股份有限公司,医药与原料药制造
广州方邦电子股份有限公司,电子元器件
苏州珂玛材料科技股份有限公司,半导体
苏州金鸿顺汽车部件股份有限公司,汽车零部件
天津捷强动力装备股份有限公司,机械设备
福华尚纬股份有限公司,电气设备
湖北万润新能源科技股份有限公司,光伏、储能与新能源设备
江苏华宏科技股份有限公司,金属与基础材料
松井新材料集团股份有限公司,化工与新材料
江苏硕世生物科技股份有限公司,医药与原料药制造
广州海格通信集团股份有限公司,电子元器件
苏州联讯仪器股份有限公司,半导体
苏州骏创汽车科技股份有限公司,汽车零部件
天津美腾科技股份有限公司,机械设备
福建南平太阳电缆股份有限公司,电气设备
湖北京山轻工机械股份有限公司,光伏、储能与新能源设备
江苏吉鑫风能科技股份有限公司,金属与基础材料
柳州两面针股份有限公司,化工与新材料
江苏联环药业股份有限公司,医药与原料药制造
广州瑞立科密汽车电子股份有限公司,电子元器件
苏州锴威特半导体股份有限公司,半导体
蓝黛科技集团股份有限公司,汽车零部件
天津膜天膜科技集团股份有限公司,机械设备
福达新材料集团股份有限公司,电气设备
湖南中科电气股份有限公司,光伏、储能与新能源设备
江苏图南合金股份有限公司,金属与基础材料
柳州化工股份有限公司,化工与新材料
江苏艾迪药业集团股份有限公司,医药与原料药制造
广州视声智能股份有限公司,电子元器件
苏州长光华芯光电技术股份有限公司,半导体
襄阳汽车轴承股份有限公司,汽车零部件
天津赛象科技股份有限公司,机械设备
科力尔电机集团股份有限公司,电气设备
湖南华民控股集团股份有限公司,光伏、储能与新能源设备
江苏天工科技股份有限公司,金属与基础材料
株洲飞鹿高新材料技术股份有限公司,化工与新材料
江苏诺泰澳赛诺生物制药股份有限公司,医药与原料药制造
广州视源电子科技股份有限公司,电子元器件
西安派瑞功率半导体变流技术股份有限公司,半导体
襄阳长源东谷实业股份有限公司,汽车零部件
天津长荣科技集团股份有限公司,机械设备
科润智能控制股份有限公司,电气设备
湖南海利化工股份有限公司,光伏、储能与新能源设备
江苏宏德特种部件股份有限公司,金属与基础材料
水羊集团股份有限公司,化工与新材料
江苏金迪克生物技术股份有限公司,医药与原料药制造
广州通达汽车电气股份有限公司,电子元器件
西安炬光科技股份有限公司,半导体
西上海汽车服务股份有限公司,汽车零部件
天海融合防务装备技术股份有限公司,机械设备
积成电子股份有限公司,电气设备
湖南科力远新能源股份有限公司,光伏、储能与新能源设备
江苏常宝钢管股份有限公司,金属与基础材料
永悦科技股份有限公司,化工与新材料
江西同和药业股份有限公司,医药与原料药制造
广电运通集团股份有限公司,电子元器件
西藏高争民爆股份有限公司,半导体
许昌远东传动轴股份有限公司,汽车零部件
天臣国际医疗科技股份有限公司,机械设备
立达信物联科技股份有限公司,电气设备
湖南裕能新能源电池材料股份有限公司,光伏、储能与新能源设备
江苏常铝铝业集团股份有限公司,金属与基础材料
江苏三房巷聚材股份有限公司,化工与新材料
江西富祥药业股份有限公司,医药与原料药制造
广西天山电子股份有限公司,电子元器件
诚志股份有限公司,半导体
贵州贵航汽车零部件股份有限公司,汽车零部件
太原重工股份有限公司,机械设备
红相股份有限公司,电气设备
湖南领湃科技集团股份有限公司,光伏、储能与新能源设备
江苏晶雪节能科技股份有限公司,金属与基础材料
江苏东方盛虹股份有限公司,化工与新材料
江西新赣江药业股份有限公司,医药与原料药制造
彩虹显示器件股份有限公司,电子元器件
豪威集成电路(集团)股份有限公司,半导体
赛力斯集团股份有限公司,汽车零部件
奕瑞电子科技集团股份有限公司,机械设备
美的集团股份有限公司,电气设备
湘潭电化科技股份有限公司,光伏、储能与新能源设备
江苏武进不锈股份有限公司,金属与基础材料
江苏中旗科技股份有限公司,化工与新材料
沈阳兴齐眼药股份有限公司,医药与原料药制造
影石创新科技股份有限公司,电子元器件
贵州振华风光半导体股份有限公司,半导体
超捷紧固系统(上海)股份有限公司,汽车零部件
奥美森智能装备股份有限公司,机械设备
胜业电气股份有限公司,电气设备
烟台龙源电力技术股份有限公司,光伏、储能与新能源设备
江苏沙钢股份有限公司,金属与基础材料
江苏中晟高科环境股份有限公司,化工与新材料
河北常山生化药业股份有限公司,医药与原料药制造
思创智联科技股份有限公司,电子元器件
通富微电子股份有限公司,半导体
辽宁曙光汽车集团股份有限公司,汽车零部件
威海克莱特菲尔风机股份有限公司,机械设备
舟山晨光电机股份有限公司,电气设备
珈伟新能源股份有限公司,光伏、储能与新能源设备
江苏法尔胜股份有限公司,金属与基础材料
江苏丰山集团股份有限公司,化工与新材料
河南太龙药业股份有限公司,医药与原料药制造
恒为科技(上海)股份有限公司,电子元器件
重庆美利信科技股份有限公司,半导体
重庆千里科技股份有限公司,汽车零部件
威海华东数控股份有限公司,机械设备
苏州未来电器股份有限公司,电气设备
珠海冠宇电池股份有限公司,光伏、储能与新能源设备
江苏秀强玻璃工艺股份有限公司,金属与基础材料
江苏亚邦染料股份有限公司,化工与新材料
河南羚锐制药股份有限公司,医药与原料药制造
恒宇信通航空装备(北京)股份有限公司,电子元器件
锦州神工半导体股份有限公司,半导体
重庆新铝时代科技股份有限公司,汽车零部件
威海广泰空港设备股份有限公司,机械设备
苏州欧圣电气股份有限公司,电气设备
甘肃金刚光伏股份有限公司,光伏、储能与新能源设备
江苏长海复合材料股份有限公司,金属与基础材料
江苏华昌化工股份有限公司,化工与新材料
津药药业股份有限公司,医药与原料药制造
恒宝股份有限公司,电子元器件
闻泰科技股份有限公司,半导体
重庆溯联塑胶股份有限公司,汽车零部件
威马农机股份有限公司,机械设备
苏州禾盛新型材料股份有限公司,电气设备
石大胜华新材料集团股份有限公司,光伏、储能与新能源设备
江苏隆达超合金股份有限公司,金属与基础材料
江苏天奈科技股份有限公司,化工与新材料
津药达仁堂集团股份有限公司,医药与原料药制造
恒银金融科技股份有限公司,电子元器件
陕西斯瑞新材料股份有限公司,半导体
重庆秦安机电股份有限公司,汽车零部件
宁波东力股份有限公司,机械设备
苏州西典新能源电气股份有限公司,电气设备
石家庄尚太科技股份有限公司,光伏、储能与新能源设备
江苏鼎胜新能源材料股份有限公司,金属与基础材料
江苏宝利国际投资股份有限公司,化工与新材料
派斯双林生物制药股份有限公司,医药与原料药制造
惠州中京电子科技股份有限公司,电子元器件
陕西源杰半导体科技股份有限公司,半导体
重庆至信实业股份有限公司,汽车零部件
宁波中大力德智能传动股份有限公司,机械设备
莱克电气股份有限公司,电气设备
福建星云电子股份有限公司,光伏、储能与新能源设备
江西万年青水泥股份有限公司,金属与基础材料
江苏富淼科技股份有限公司,化工与新材料
济南高新发展股份有限公司,医药与原料药制造
惠州光弘科技股份有限公司,电子元器件
青岛东软载波科技股份有限公司,半导体
重庆长安汽车股份有限公司,汽车零部件
宁波乐惠国际工程装备股份有限公司,机械设备
融捷健康科技股份有限公司,电气设备
福建龙净环保股份有限公司,光伏、储能与新能源设备
江西宁新新材料股份有限公司,金属与基础材料
江苏常青树新材料科技股份有限公司,化工与新材料
浙江东亚药业股份有限公司,医药与原料药制造
惠州市华阳集团股份有限公司,电子元器件
鸿利智汇集团股份有限公司,半导体
金杯汽车股份有限公司,汽车零部件
宁波健信超导科技股份有限公司,机械设备
西安中熔电气股份有限公司,电气设备
福能东方装备科技股份有限公司,光伏、储能与新能源设备
江西志特新材料股份有限公司,金属与基础材料
江苏广信感光新材料股份有限公司,化工与新材料
浙江东方基因生物制品股份有限公司,医药与原料药制造
惠州市德赛西威汽车电子股份有限公司,电子元器件
龙芯中科技术股份有限公司,半导体
铁流股份有限公司,汽车零部件
宁波合力科技股份有限公司,机械设备
西安爱科赛博电气股份有限公司,电气设备
福莱特玻璃集团股份有限公司,光伏、储能与新能源设备
江西悦安新材料股份有限公司,金属与基础材料
江苏怡达化学股份有限公司,化工与新材料
浙江九洲药业股份有限公司,医药与原料药制造
惠州硕贝德无线科技股份有限公司,电子元器件
铭科精技控股股份有限公司,汽车零部件
宁波大叶园林设备股份有限公司,机械设备
许昌智能继电器股份有限公司,电气设备
科华数据股份有限公司,光伏、储能与新能源设备
江西特种电机股份有限公司,金属与基础材料
江苏恒兴新材料科技股份有限公司,化工与新材料
浙江亚太药业股份有限公司,医药与原料药制造
慧翰微电子股份有限公司,电子元器件
长华控股集团股份有限公司,汽车零部件
宁波慈星股份有限公司,机械设备
贤丰控股股份有限公司,电气设备
科达制造股份有限公司,光伏、储能与新能源设备
江西艾芬达暖通科技股份有限公司,金属与基础材料
江苏扬农化工股份有限公司,化工与新材料
浙江京新药业股份有限公司,医药与原料药制造
成都国光电气股份有限公司,电子元器件
长城汽车股份有限公司,汽车零部件
宁波海天精工股份有限公司,机械设备
贵州泰永长征技术股份有限公司,电气设备
科顺防水科技股份有限公司,光伏、储能与新能源设备
江西金力永磁科技股份有限公司,金属与基础材料
江苏新瀚新材料股份有限公司,化工与新材料
浙江仙琚制药股份有限公司,医药与原料药制造
成都天奥电子股份有限公司,电子元器件
长春一东离合器股份有限公司,汽车零部件
宁波精达成形装备股份有限公司,机械设备
辽宁和展能源集团股份有限公司,电气设备
索通发展股份有限公司,光伏、储能与新能源设备
江西铜业股份有限公司,金属与基础材料
江苏正丹化学工业股份有限公司,化工与新材料
浙江佐力药业股份有限公司,医药与原料药制造
成都天箭科技股份有限公司,电子元器件
长春富维集团汽车零部件股份有限公司,汽车零部件
宁波西磁科技发展股份有限公司,机械设备
远程电缆股份有限公司,电气设备
维科技术股份有限公司,光伏、储能与新能源设备
江阴市恒润重工股份有限公司,金属与基础材料
江苏澄星磷化工股份有限公司,化工与新材料
浙江医药股份有限公司,医药与原料药制造
成都宏明电子股份有限公司,电子元器件
长春英利汽车工业股份有限公司,汽车零部件
宁波鲍斯能源装备股份有限公司,机械设备
通鼎互联信息股份有限公司,电气设备
绿能慧充数字能源技术股份有限公司,光伏、储能与新能源设备
江阴电工合金股份有限公司,金属与基础材料
江苏瑞泰新能源材料股份有限公司,化工与新材料
浙江华海药业股份有限公司,医药与原料药制造
成都成电光信科技股份有限公司,电子元器件
阜新德尔汽车部件股份有限公司,汽车零部件
宇环数控机床股份有限公司,机械设备
郑州众智科技股份有限公司,电气设备
罗博特科智能科技股份有限公司,光伏、储能与新能源设备
河北国亮新材料股份有限公司,金属与基础材料
江苏百川高科新材料股份有限公司,化工与新材料
浙江司太立制药股份有限公司,医药与原料药制造
成都新易盛通信技术股份有限公司,电子元器件
雪龙集团股份有限公司,汽车零部件
宇通重工股份有限公司,机械设备
重庆望变电气(集团)股份有限公司,电气设备
聆达集团股份有限公司,光伏、储能与新能源设备
河南中孚实业股份有限公司,金属与基础材料
江苏索普化工股份有限公司,化工与新材料
浙江向日葵大健康科技股份有限公司,医药与原料药制造
成都旭光电子股份有限公司,电子元器件
青岛泰德轴承科技股份有限公司,汽车零部件
安徽佳力奇先进复合材料科技股份公司,机械设备
金冠电气股份有限公司,电气设备
苏州万祥科技股份有限公司,光伏、储能与新能源设备
河南四方达超硬材料股份有限公司,金属与基础材料
江苏美思德化学股份有限公司,化工与新材料
浙江天宇药业股份有限公司,医药与原料药制造
成都智明达电子股份有限公司,电子元器件
飞龙汽车部件股份有限公司,汽车零部件
安徽全柴动力股份有限公司,机械设备
金利华电气股份有限公司,电气设备
苏州中来光伏新材股份有限公司,光伏、储能与新能源设备
河南恒星科技股份有限公司,金属与基础材料
江苏苏利精细化工股份有限公司,化工与新材料
浙江奥翔药业股份有限公司,医药与原料药制造
成都盟升电子技术股份有限公司,电子元器件
黄山谷捷股份有限公司,汽车零部件
安徽合力股份有限公司,机械设备
金杯电工股份有限公司,电气设备
苏州华之杰电讯股份有限公司,光伏、储能与新能源设备
河南明泰铝业股份有限公司,金属与基础材料
江苏苏博特新材料股份有限公司,化工与新材料
浙江寿仙谷医药股份有限公司,医药与原料药制造
成都银河磁体股份有限公司,电子元器件
黑龙江天有为电子股份有限公司,汽车零部件
安徽巨一科技股份有限公司,机械设备
金龙机电股份有限公司,电气设备
苏州宇邦新型材料股份有限公司,光伏、储能与新能源设备
河南省力量钻石股份有限公司,金属与基础材料
江苏苏盐井神股份有限公司,化工与新材料
浙江康恩贝制药股份有限公司,医药与原料药制造
成都雷电微力科技股份有限公司,电子元器件
安徽应流机电股份有限公司,机械设备
金龙羽集团股份有限公司,电气设备
苏州工业园区和顺电气股份有限公司,光伏、储能与新能源设备
河南神火煤电股份有限公司,金属与基础材料
江苏辉丰生物农业股份有限公司,化工与新材料
浙江我武生物科技股份有限公司,医药与原料药制造
捷邦精密科技股份有限公司,电子元器件
安徽拓山重工股份有限公司,机械设备
铜陵精达特种电磁线股份有限公司,电气设备
苏州快可光伏电子股份有限公司,光伏、储能与新能源设备
河南豫光金铅股份有限公司,金属与基础材料
江苏锦鸡实业股份有限公司,化工与新材料
浙江新光药业股份有限公司,医药与原料药制造
摩尔线程智能科技(北京)股份有限公司,电子元器件
宏工科技股份有限公司,机械设备
锦浪科技股份有限公司,电气设备
苏州恒久光电科技股份有限公司,光伏、储能与新能源设备
河南黄河旋风股份有限公司,金属与基础材料
江苏长青农化股份有限公司,化工与新材料
浙江新和成股份有限公司,医药与原料药制造
新疆众和股份有限公司,电子元器件
尤洛卡精准信息工程股份有限公司,机械设备
长园科技集团股份有限公司,电气设备
苏州斯莱克精密设备股份有限公司,光伏、储能与新能源设备
河钢股份有限公司,金属与基础材料
江苏雅克科技股份有限公司,化工与新材料
浙江昂利康制药股份有限公司,医药与原料药制造
方正科技集团股份有限公司,电子元器件
展鹏科技股份有限公司,机械设备
长缆科技集团股份有限公司,电气设备
苏州海陆重工股份有限公司,光伏、储能与新能源设备
洛阳科创新材料股份有限公司,金属与基础材料
江西世龙实业股份有限公司,化工与新材料
浙江海昇药业股份有限公司,医药与原料药制造
无锡创达新材料股份有限公司,电子元器件
山东万通液压股份有限公司,机械设备
长虹美菱股份有限公司,电气设备
营口金辰机械股份有限公司,光伏、储能与新能源设备
浙江三星新材股份有限公司,金属与基础材料
江西国泰集团股份有限公司,化工与新材料
浙江海森药业股份有限公司,医药与原料药制造
无锡和晶科技股份有限公司,电子元器件
山东墨龙石油机械股份有限公司,机械设备
长高电气集团股份公司,电气设备
许继电气股份有限公司,光伏、储能与新能源设备
浙江东南网架股份有限公司,金属与基础材料
江西宏柏新材料股份有限公司,化工与新材料
浙江海正药业股份有限公司,医药与原料药制造
无锡市德科立光电子技术股份有限公司,电子元器件
山东天鹅棉业机械股份有限公司,机械设备
陕西宝光真空电器股份有限公司,电气设备
诺德新材料股份有限公司,光伏、储能与新能源设备
浙江久立特材科技股份有限公司,金属与基础材料
江西恒大高新技术股份有限公司,化工与新材料
浙江海翔药业股份有限公司,医药与原料药制造
无锡路通视信网络股份有限公司,电子元器件
山东奥福环保科技股份有限公司,机械设备
青岛汉缆股份有限公司,电气设备
贝特瑞新材料集团股份有限公司,光伏、储能与新能源设备
浙江华达新型材料股份有限公司,金属与基础材料
江西晨光新材料股份有限公司,化工与新材料
浙江维康药业股份有限公司,医药与原料药制造
日海智能科技股份有限公司,电子元器件
山东威高血液净化制品股份有限公司,机械设备
青岛特锐德电气股份有限公司,电气设备
贵州安达科技能源股份有限公司,光伏、储能与新能源设备
浙江哈尔斯真空器皿股份有限公司,金属与基础材料
江西省盐业集团股份有限公司,化工与新材料
浙江花园生物医药股份有限公司,医药与原料药制造
昆山万源通电子科技股份有限公司,电子元器件
山东弘宇精机股份有限公司,机械设备
青岛豪江智能科技股份有限公司,电气设备
贵州振华新材料股份有限公司,光伏、储能与新能源设备
浙江嘉益保温科技股份有限公司,金属与基础材料
江西黑猫炭黑股份有限公司,化工与新材料
浙江莎普爱思药业股份有限公司,医药与原料药制造
昆山国力电子科技股份有限公司,电子元器件
山东朗进科技股份有限公司,机械设备
赣州腾远钴业新材料股份有限公司,光伏、储能与新能源设备
浙江尖峰集团股份有限公司,金属与基础材料
江阴江化微电子材料股份有限公司,化工与新材料
浙江诚意药业股份有限公司,医药与原料药制造
昆山海菲曼科技集团股份有限公司,电子元器件
山东省章丘鼓风机股份有限公司,机械设备
辽宁时代万恒股份有限公司,光伏、储能与新能源设备
浙江开尔新材料股份有限公司,金属与基础材料
沃顿科技股份有限公司,化工与新材料
海创药业股份有限公司,医药与原料药制造
昆山龙腾光电股份有限公司,电子元器件
山东矿机集团股份有限公司,机械设备
运达能源科技集团股份有限公司,光伏、储能与新能源设备
浙江振石新材料股份有限公司,金属与基础材料
沈阳化工股份有限公司,化工与新材料
海南双成药业股份有限公司,医药与原料药制造
曙光信息产业股份有限公司,电子元器件
山东联诚精密制造股份有限公司,机械设备
远东智慧能源股份有限公司,光伏、储能与新能源设备
浙江海亮股份有限公司,金属与基础材料
沧州大化股份有限公司,化工与新材料
海南海药股份有限公司,医药与原料药制造
杭州万隆光电设备股份有限公司,电子元器件
山东腾达紧固科技股份有限公司,机械设备
通威股份有限公司,光伏、储能与新能源设备
浙江荣泰电工器材股份有限公司,金属与基础材料
河北建新化工股份有限公司,化工与新材料
海南葫芦娃药业集团股份有限公司,医药与原料药制造
杭州中威电子股份有限公司,电子元器件
山东豪迈机械科技股份有限公司,机械设备
郑州三晖电气股份有限公司,光伏、储能与新能源设备
浙江金洲管道科技股份有限公司,金属与基础材料
河北彩客新材料科技股份有限公司,化工与新材料
海思科医药集团股份有限公司,医药与原料药制造
杭州天地数码科技股份有限公司,电子元器件
山东金帝精密机械科技股份有限公司,机械设备
重庆万里新能源股份有限公司,光伏、储能与新能源设备
海南瑞泽新型建材股份有限公司,金属与基础材料
河北美邦工程科技股份有限公司,化工与新材料
深圳信立泰药业股份有限公司,医药与原料药制造
杭州平治信息技术股份有限公司,电子元器件
山推工程机械股份有限公司,机械设备
重庆市紫建电子股份有限公司,光伏、储能与新能源设备
深圳市中金岭南有色金属股份有限公司,金属与基础材料
河北金牛化工股份有限公司,化工与新材料
深圳市亚辉龙生物科技股份有限公司,医药与原料药制造
杭州朗鸿科技股份有限公司,电子元器件
山河智能装备股份有限公司,机械设备
重庆惠程信息科技股份有限公司,光伏、储能与新能源设备
深圳市铭利达精密技术股份有限公司,金属与基础材料
河南清水源科技股份有限公司,化工与新材料
深圳市卫光生物制品股份有限公司,医药与原料药制造
杭州海康威视数字技术股份有限公司,电子元器件
巨轮智能装备股份有限公司,机械设备
阳光电源股份有限公司,光伏、储能与新能源设备
湖北三峡新型建材股份有限公司,金属与基础材料
河南硅烷科技发展股份有限公司,化工与新材料
深圳市新产业生物医学工程股份有限公司,医药与原料药制造
杭州萤石网络股份有限公司,电子元器件
常州迅安科技股份有限公司,机械设备
阿特斯阳光电力集团股份有限公司,光伏、储能与新能源设备
湖北平安电工科技股份公司,金属与基础材料
洛阳建龙微纳新材料股份有限公司,化工与新材料
深圳市易瑞生物技术股份有限公司,医药与原料药制造
杭州觅睿科技股份有限公司,电子元器件
常州长青科技股份有限公司,机械设备
隆基绿能科技股份有限公司,光伏、储能与新能源设备
湖北戈碧迦光电科技股份有限公司,金属与基础材料
济南圣泉集团股份有限公司,化工与新材料
深圳市海普瑞药业集团股份有限公司,医药与原料药制造
杭州鸿泉物联网技术股份有限公司,电子元器件
常柴股份有限公司,机械设备
露笑科技股份有限公司,光伏、储能与新能源设备
湖南华联瓷业股份有限公司,金属与基础材料
浙江万丰化工股份有限公司,化工与新材料
深圳康泰生物制品股份有限公司,医药与原料药制造
极米科技股份有限公司,电子元器件
常熟市国瑞科技股份有限公司,机械设备
青岛天能重工股份有限公司,光伏、储能与新能源设备
湖南华菱钢铁股份有限公司,金属与基础材料
浙江万盛股份有限公司,化工与新材料
深圳微芯生物科技股份有限公司,医药与原料药制造
株洲宏达电子股份有限公司,电子元器件
常熟市天银机电股份有限公司,机械设备
青岛汇金通电力设备股份有限公司,光伏、储能与新能源设备
湖南博云新材料股份有限公司,金属与基础材料
浙江三美化工股份有限公司,化工与新材料
深圳翰宇药业股份有限公司,医药与原料药制造
格利尔数码科技股份有限公司,电子元器件
常熟通润汽车零部件股份有限公司,机械设备
骆驼集团股份有限公司,光伏、储能与新能源设备
湖南惠同新材料股份有限公司,金属与基础材料
浙江中欣氟材股份有限公司,化工与新材料
湖北亨迪药业股份有限公司,医药与原料药制造
楚天龙股份有限公司,电子元器件
广东东方精工科技股份有限公司,机械设备
龙佰集团股份有限公司,光伏、储能与新能源设备
湖南新威凌金属新材料科技股份有限公司,金属与基础材料
浙江争光实业股份有限公司,化工与新材料
湖北共同药业集团股份有限公司,医药与原料药制造
欧菲光集团股份有限公司,电子元器件
广东乐心医疗电子股份有限公司,机械设备
湖南湘投金天钛业科技股份有限公司,金属与基础材料
浙江光华科技股份有限公司,化工与新材料
湖北华强科技股份有限公司,医药与原料药制造
歌尔股份有限公司,电子元器件
广东凌霄泵业股份有限公司,机械设备
湖南白银股份有限公司,金属与基础材料
浙江博菲电气股份有限公司,化工与新材料
湖北广济药业股份有限公司,医药与原料药制造
武汉光迅科技股份有限公司,电子元器件
广东创世纪智能装备集团股份有限公司,机械设备
湖南金博碳素股份有限公司,金属与基础材料
浙江吉华集团股份有限公司,化工与新材料
湖北济川药业股份有限公司,医药与原料药制造
武汉兴图新科电子股份有限公司,电子元器件
广东利元亨智能装备股份有限公司,机械设备
湘潭永达机械制造股份有限公司,金属与基础材料
浙江嘉化能源化工股份有限公司,化工与新材料
湖北省宏源药业科技股份有限公司,医药与原料药制造
武汉凡谷电子技术股份有限公司,电子元器件
广东博盈特焊技术股份有限公司,机械设备
濮阳濮耐高温材料(集团)股份有限公司,金属与基础材料
浙江嘉澳环保科技股份有限公司,化工与新材料
湖北能特科技股份有限公司,医药与原料药制造
武汉天喻信息产业股份有限公司,电子元器件
广东扬山联合精密制造股份有限公司,机械设备
烟台正海磁性材料股份有限公司,金属与基础材料
浙江夜光明光电科技股份有限公司,化工与新材料
湖南九典制药股份有限公司,医药与原料药制造
武汉微创光电股份有限公司,电子元器件
广东松发陶瓷股份有限公司,机械设备
焦作万方铝业股份有限公司,金属与基础材料
浙江大洋生物科技集团股份有限公司,化工与新材料
湖南华纳大药厂股份有限公司,医药与原料药制造
武汉联特科技股份有限公司,电子元器件
广东汇成真空科技股份有限公司,机械设备
物产中大金轮蓝海股份有限公司,金属与基础材料
浙江巍华新材料股份有限公司,化工与新材料
湖南南新制药股份有限公司,医药与原料药制造
武汉菱电汽车电控系统股份有限公司,电子元器件
广东申菱环境系统股份有限公司,机械设备
王力安防科技股份有限公司,金属与基础材料
浙江巨化股份有限公司,化工与新材料
湖南尔康制药股份有限公司,医药与原料药制造
武汉金运激光股份有限公司,电子元器件
广东绿岛风空气系统股份有限公司,机械设备
瑞泰科技股份有限公司,金属与基础材料
浙江建业化工股份有限公司,化工与新材料
湖南方盛制药股份有限公司,医药与原料药制造
武汉锐科光纤激光技术股份有限公司,电子元器件
广东绿通新能源电动车科技股份有限公司,机械设备
甘肃上峰材料股份有限公司,金属与基础材料
浙江新农化工股份有限公司,化工与新材料
湖南汉森制药股份有限公司,医药与原料药制造
武汉长江通信产业集团股份有限公司,电子元器件
广东金明精机股份有限公司,机械设备
甘肃酒钢集团宏兴钢铁股份有限公司,金属与基础材料
浙江新化化工股份有限公司,化工与新材料
漳州片仔癀药业股份有限公司,医药与原料药制造
武汉长盈通光电技术股份有限公司,电子元器件
广东鸿铭智能股份有限公司,机械设备
甬金科技集团股份有限公司,金属与基础材料
浙江新安化工集团股份有限公司,化工与新材料
潜江永安药业股份有限公司,医药与原料药制造
武汉长进光子技术股份有限公司,电子元器件
广州信邦智能装备股份有限公司,机械设备
白银有色集团股份有限公司,金属与基础材料
浙江星华新材料集团股份有限公司,化工与新材料
灵康药业集团股份有限公司,医药与原料药制造
汇绿生态科技集团股份有限公司,电子元器件
广州华研精密机械股份有限公司,机械设备
盛和资源控股股份有限公司,金属与基础材料
浙江本立科技股份有限公司,化工与新材料
烟台东诚药业集团股份有限公司,医药与原料药制造
汉朔科技股份有限公司,电子元器件
广州市昊志机电股份有限公司,机械设备
盛德鑫泰新材料股份有限公司,金属与基础材料
浙江永和制冷股份有限公司,化工与新材料
爱威科技股份有限公司,医药与原料药制造
汉桑(南京)科技股份有限公司,电子元器件
广州广日股份有限公司,机械设备
盛新锂能集团股份有限公司,金属与基础材料
浙江永太科技股份有限公司,化工与新材料
特一药业集团股份有限公司,医药与原料药制造
汉王科技股份有限公司,电子元器件
广州弘亚数控机械集团股份有限公司,机械设备
福建三钢闽光股份有限公司,金属与基础材料
浙江皇马科技股份有限公司,化工与新材料
珠海润都制药股份有限公司,医药与原料药制造
江苏传艺科技股份有限公司,电子元器件
广州御银科技股份有限公司,机械设备
福建恒而达新材料股份有限公司,金属与基础材料
浙江联盛化学股份有限公司,化工与新材料
瑞普生物股份有限公司,医药与原料药制造
江苏协和电子股份有限公司,电子元器件
广州瑞松智能科技股份有限公司,机械设备
福建水泥股份有限公司,金属与基础材料
浙江蓝宇数码科技股份有限公司,化工与新材料
甘李药业股份有限公司,医药与原料药制造
江苏博迁新材料股份有限公司,电子元器件
广州达意隆包装机械股份有限公司,机械设备
福建省闽发铝业股份有限公司,金属与基础材料
浙江锦华新材料股份有限公司,化工与新材料
甘肃陇神戎发药业股份有限公司,医药与原料药制造
江苏日久光电股份有限公司,电子元器件
广联航空工业股份有限公司,机械设备
福建赛特新材股份有限公司,金属与基础材料
浙江镇洋发展股份有限公司,化工与新材料
申联生物医药(上海)股份有限公司,医药与原料药制造
江苏本川智能电路科技股份有限公司,电子元器件
广西柳工机械股份有限公司,机械设备
福耀玻璃工业集团股份有限公司,金属与基础材料
浙江闰土股份有限公司,化工与新材料
百奥泰生物制药股份有限公司,医药与原料药制造
江苏灿勤科技股份有限公司,电子元器件
康力电梯股份有限公司,机械设备
立中四通轻合金集团股份有限公司,金属与基础材料
浙江鼎龙科技股份有限公司,化工与新材料
益方生物科技(上海)股份有限公司,医药与原料药制造
江苏精研科技股份有限公司,电子元器件
康泰医学系统(秦皇岛)股份有限公司,机械设备
箭牌家居集团股份有限公司,金属与基础材料
浙江龙盛集团股份有限公司,化工与新材料
石家庄以岭药业股份有限公司,医药与原料药制造
江苏翔腾新材料股份有限公司,电子元器件
建科智能装备制造(天津)股份有限公司,机械设备
苏州丰倍生物科技股份有限公司,金属与基础材料
海利尔药业集团股份有限公司,化工与新材料
石药集团湖南景峰医药股份有限公司,医药与原料药制造
江苏联瑞新材料股份有限公司,电子元器件
开勒环境科技(上海)股份有限公司,机械设备
苏州华亚智能科技股份有限公司,金属与基础材料
海阳科技股份有限公司,化工与新材料
福安药业(集团)股份有限公司,医药与原料药制造
江苏艾森半导体材料股份有限公司,电子元器件
开山集团股份有限公司,机械设备
苏州华源控股股份有限公司,金属与基础材料
润本生物技术股份有限公司,化工与新材料
福建广生堂药业股份有限公司,医药与原料药制造
江苏菲沃泰纳米科技股份有限公司,电子元器件
张家港富瑞特种装备股份有限公司,机械设备
苏州扬子江新型材料股份有限公司,金属与基础材料
淄博齐翔腾达化工股份有限公司,化工与新材料
科兴生物制药股份有限公司,医药与原料药制造
江苏银河电子股份有限公司,电子元器件
张家港广大特材股份有限公司,机械设备
苏州新锐合金工具股份有限公司,金属与基础材料
深圳市芭田生态工程股份有限公司,化工与新材料
科美诊断技术股份有限公司,医药与原料药制造
江苏骏成电子科技股份有限公司,电子元器件
徐州海伦哲专用车辆股份有限公司,机械设备
苏州明志科技股份有限公司,金属与基础材料
深圳诺普信作物科学股份有限公司,化工与新材料
精华制药集团股份有限公司,医药与原料药制造
江苏龙蟠科技集团股份有限公司,电子元器件
徐工集团工程机械股份有限公司,机械设备
苏州春兴精工股份有限公司,金属与基础材料
湖北兴发化工集团股份有限公司,化工与新材料
绿康生化股份有限公司,医药与原料药制造
江西威尔高电子股份有限公司,电子元器件
德力佳传动科技(江苏)股份有限公司,机械设备
苏州朗威电子机械股份有限公司,金属与基础材料
湖北凯龙化工集团股份有限公司,化工与新材料
罗欣药业集团股份有限公司,医药与原料药制造
江西星星科技股份有限公司,电子元器件
德州联合石油科技股份有限公司,机械设备
苏州瑞玛精密工业集团股份有限公司,金属与基础材料
湖北双环科技股份有限公司,化工与新材料
美康生物科技股份有限公司,医药与原料药制造
江西江南新材料科技股份有限公司,电子元器件
德马科技集团股份有限公司,机械设备
苏州翔楼新材料股份有限公司,金属与基础材料
湖北和远气体股份有限公司,化工与新材料
舒泰神(北京)生物制药股份有限公司,医药与原料药制造
江西沃格光电集团股份有限公司,电子元器件
快意电梯股份有限公司,机械设备
英洛华科技股份有限公司,金属与基础材料
湖北回天新材料股份有限公司,化工与新材料
苏州富士莱医药股份有限公司,医药与原料药制造
江西红板科技股份有限公司,电子元器件
思进智能成形装备股份有限公司,机械设备
英科再生资源股份有限公司,金属与基础材料
湖北国创高新材料股份有限公司,化工与新材料
苏州泽璟生物制药股份有限公司,医药与原料药制造
江门市科恒实业股份有限公司,电子元器件
恒进感应科技(十堰)股份有限公司,机械设备
荆州九菱科技股份有限公司,金属与基础材料
湖北宜化化工股份有限公司,化工与新材料
荣昌生物制药(烟台)股份有限公司,医药与原料药制造
沪士电子股份有限公司,电子元器件
成都利君实业股份有限公司,机械设备
葫芦岛锌业股份有限公司,金属与基础材料
湖北富邦科技股份有限公司,化工与新材料
葵花药业集团股份有限公司,医药与原料药制造
河南凯旺电子科技股份有限公司,电子元器件
成都大宏立机器股份有限公司,机械设备
蒙娜丽莎集团股份有限公司,金属与基础材料
湖北振华化学股份有限公司,化工与新材料
衢州东峰新材料集团股份有限公司,医药与原料药制造
河南天马新材料股份有限公司,电子元器件
成都爱乐达航空制造股份有限公司,机械设备
西宁特殊钢股份有限公司,金属与基础材料
湖北江瀚新材料股份有限公司,化工与新材料
西藏卫信康医药股份有限公司,医药与原料药制造
泉州嘉德利电子材料股份公司,电子元器件
成都瑞奇智造科技股份有限公司,机械设备
西安天力金属复合材料股份有限公司,金属与基础材料
湖南丽臣实业股份有限公司,化工与新材料
西藏多瑞医药股份有限公司,医药与原料药制造
泰晶科技股份有限公司,电子元器件
成都瑞迪智驱科技股份有限公司,机械设备
西藏天路股份有限公司,金属与基础材料
湖南恒光科技股份有限公司,化工与新材料
西藏奇正藏药股份有限公司,医药与原料药制造
浙江东尼电子股份有限公司,电子元器件
成都立航科技股份有限公司,机械设备
西部超导材料科技股份有限公司,金属与基础材料
滨化集团股份有限公司,化工与新材料
西藏易明西雅医药科技股份有限公司,医药与原料药制造
浙江东晶电子股份有限公司,电子元器件
成都纵横自动化技术股份有限公司,机械设备
西部金属材料股份有限公司,金属与基础材料
潍坊亚星化学股份有限公司,化工与新材料
西藏诺迪康药业股份有限公司,医药与原料药制造
浙江中科磁业股份有限公司,电子元器件
新乡市花溪科技股份有限公司,机械设备
贵州钢绳股份有限公司,金属与基础材料
濮阳惠成电子材料股份有限公司,化工与新材料
诚达药业股份有限公司,医药与原料药制造
浙江华正新材料股份有限公司,电子元器件
新疆机械研究院股份有限公司,机械设备
辽宁东和新材料股份有限公司,金属与基础材料
珀莱雅化妆品股份有限公司,化工与新材料
贝达药业股份有限公司,医药与原料药制造
浙江大华技术股份有限公司,电子元器件
新锦动力集团股份有限公司,机械设备
达刚控股集团股份有限公司,金属与基础材料
珠海市乐通化工股份有限公司,化工与新材料
贵州三力制药股份有限公司,医药与原料药制造
浙江大立科技股份有限公司,电子元器件
方正阀门集团股份有限公司,机械设备
通裕重工股份有限公司,金属与基础材料
甘肃亚太实业发展股份有限公司,化工与新材料
贵州百灵企业集团制药股份有限公司,医药与原料药制造
浙江永贵电器股份有限公司,电子元器件
无锡奥特维科技股份有限公司,机械设备
重庆冀衡医药股份有限公司,金属与基础材料
百合花集团股份有限公司,化工与新材料
贵州益佰制药股份有限公司,医药与原料药制造
浙江洁美电子科技股份有限公司,电子元器件
无锡威唐工业技术股份有限公司,机械设备
重庆再升科技股份有限公司,金属与基础材料
确成硅化学股份有限公司,化工与新材料
贵阳新天药业股份有限公司,医药与原料药制造
浙江珠城科技股份有限公司,电子元器件
无锡宏盛换热器制造股份有限公司,机械设备
重庆四方新材股份有限公司,金属与基础材料
福建元力活性炭股份有限公司,化工与新材料
赛隆药业集团股份有限公司,医药与原料药制造
浙江豪声电子科技股份有限公司,电子元器件
无锡方盛换热器股份有限公司,机械设备
重庆国际复合材料股份有限公司,金属与基础材料
福建坤彩材料科技股份有限公司,化工与新材料
辰欣药业股份有限公司,医药与原料药制造
浪潮电子信息产业股份有限公司,电子元器件
无锡智能自控工程股份有限公司,机械设备
重庆鑫源智造科技股份有限公司,金属与基础材料
福建远翔新材料股份有限公司,化工与新材料
辽宁成大生物股份有限公司,医药与原料药制造
海信视像科技股份有限公司,电子元器件
无锡江南奕帆电力传动科技股份有限公司,机械设备
重庆钢铁股份有限公司,金属与基础材料
福建青松股份有限公司,化工与新材料
迈克生物股份有限公司,医药与原料药制造
海光信息技术股份有限公司,电子元器件
无锡灵鸽机械科技股份有限公司,机械设备
重庆长江造型材料(集团)股份有限公司,金属与基础材料
红宝丽集团股份有限公司,化工与新材料
迈威(上海)生物科技股份有限公司,医药与原料药制造
海能达通信股份有限公司,电子元器件
无锡理奇智能装备股份有限公司,机械设备
重庆顺博铝合金股份有限公司,金属与基础材料
绍兴兴欣新材料股份有限公司,化工与新材料
迪哲(江苏)医药股份有限公司,医药与原料药制造
深南电路股份有限公司,电子元器件
无锡航亚科技股份有限公司,机械设备
金圆环保股份有限公司,金属与基础材料
绍兴贝斯美化工股份有限公司,化工与新材料
通化东宝药业股份有限公司,医药与原料药制造
深圳中富电路股份有限公司,电子元器件
无锡雪浪环境科技股份有限公司,机械设备
金财互联控股股份有限公司,金属与基础材料
统一低碳科技(新疆)股份有限公司,化工与新材料
通化金马药业集团股份有限公司,医药与原料药制造
深圳中恒华发股份有限公司,电子元器件
无锡鼎邦换热设备股份有限公司,机械设备
金隅冀东水泥集团股份有限公司,金属与基础材料
绿亨科技集团股份有限公司,化工与新材料
郑州安图生物工程股份有限公司,医药与原料药制造
深圳传音控股股份有限公司,电子元器件
日月重工股份有限公司,机械设备
铜陵有色金属集团股份有限公司,金属与基础材料
美瑞新材料股份有限公司,化工与新材料
重庆华森制药股份有限公司,医药与原料药制造
深圳光大同创新材料股份有限公司,电子元器件
昆山东威科技股份有限公司,机械设备
铟靶新材(哈尔滨)股份有限公司,金属与基础材料
联化科技股份有限公司,化工与新材料
重庆博腾制药科技股份有限公司,医药与原料药制造
深圳光峰科技股份有限公司,电子元器件
昆山佰奥智能装备股份有限公司,机械设备
银邦金属复合材料股份有限公司,金属与基础材料
联泓新材料科技股份有限公司,化工与新材料
重庆太极实业(集团)股份有限公司,医药与原料药制造
深圳光韵达光电科技股份有限公司,电子元器件
昆山新莱洁净应用材料股份有限公司,机械设备
锦州永杉锂业股份有限公司,金属与基础材料
聚合顺新材料股份有限公司,化工与新材料
重庆智翔金泰生物制药股份有限公司,医药与原料药制造
深圳壹连科技股份有限公司,电子元器件
昆山鸿仕达智能科技股份有限公司,机械设备
长春致远新能源装备股份有限公司,金属与基础材料
聚胶新材料股份有限公司,化工与新材料
重庆智飞生物制品股份有限公司,医药与原料药制造
深圳大普微电子股份有限公司,电子元器件
昆明云内动力股份有限公司,机械设备
长江精工钢结构(集团)股份有限公司,金属与基础材料
肯特催化材料股份有限公司,化工与新材料
重庆正川医药包装材料股份有限公司,医药与原料药制造
深圳太辰光通信股份有限公司,电子元器件
昆明理工恒达科技股份有限公司,机械设备
长沙岱勒新材料科技股份有限公司,金属与基础材料
航天智造科技股份有限公司,化工与新材料
重庆莱美药业股份有限公司,医药与原料药制造
深圳奥尼电子股份有限公司,电子元器件
昆船智能技术股份有限公司,机械设备
青岛云路先进材料技术股份有限公司,金属与基础材料
航锦科技股份有限公司,化工与新材料
金凯(辽宁)生命科技股份有限公司,医药与原料药制造
深圳市一博科技股份有限公司,电子元器件
明光浩淼安防科技股份公司,机械设备
青岛惠城环保科技集团股份有限公司,金属与基础材料
苏州世名科技股份有限公司,化工与新材料
金宇生物技术股份有限公司,医药与原料药制造
深圳市三旺通信股份有限公司,电子元器件
明月镜片股份有限公司,机械设备
青龙管业集团股份有限公司,金属与基础材料
苏州兴业材料科技股份有限公司,化工与新材料
金河生物科技股份有限公司,医药与原料药制造
深圳市京泉华科技股份有限公司,电子元器件
明阳智慧能源集团股份公司,机械设备
鞍钢股份有限公司,金属与基础材料
苏州昊帆生物股份有限公司,化工与新材料
金花企业(集团)股份有限公司,医药与原料药制造
深圳市亿道信息股份有限公司,电子元器件
星光农机股份有限公司,机械设备
马可波罗控股股份有限公司,金属与基础材料
苏州赛分科技股份有限公司,化工与新材料
金陵药业股份有限公司,医药与原料药制造
深圳市优博讯科技股份有限公司,电子元器件
晋亿实业股份有限公司,机械设备
马鞍山钢铁股份有限公司,金属与基础材料
茂名石化实华股份有限公司,化工与新材料
长春百克生物科技股份公司,医药与原料药制造
深圳市信濠光电科技股份有限公司,电子元器件
晋西车轴股份有限公司,机械设备
鹏欣环球资源股份有限公司,金属与基础材料
荣盛石化股份有限公司,化工与新材料
长春高新技术产业(集团)股份有限公司,医药与原料药制造
深圳市信维通信股份有限公司,电子元器件
景津装备股份有限公司,机械设备
龙岩卓越新能源股份有限公司,金属与基础材料
营口风光新材料股份有限公司,化工与新材料
陕西康惠制药股份有限公司,医药与原料药制造
深圳市兆驰股份有限公司,电子元器件
曙光数据基础设施创新技术(北京)股份有限公司,机械设备
藏格矿业股份有限公司,化工与新材料
陕西盘龙药业集团股份有限公司,医药与原料药制造
深圳市则成电子股份有限公司,电子元器件
机科发展科技股份有限公司,机械设备
西安万德能源化学股份有限公司,化工与新材料
首药控股(北京)股份有限公司,医药与原料药制造
深圳市创益通技术股份有限公司,电子元器件
杭叉集团股份有限公司,机械设备
西安凯立新材料股份有限公司,化工与新材料
马应龙药业集团股份有限公司,医药与原料药制造
深圳市卓翼科技股份有限公司,电子元器件
杭州中亚机械股份有限公司,机械设备
西安瑞联新材料股份有限公司,化工与新材料
黑龙江珍宝岛药业股份有限公司,医药与原料药制造
深圳市南极光电子科技股份有限公司,电子元器件
杭州前进齿轮箱集团股份有限公司,机械设备
西安蓝晓科技新材料股份有限公司,化工与新材料
深圳市博实结科技股份有限公司,电子元器件
杭州和泰机电股份有限公司,机械设备
西陇科学股份有限公司,化工与新材料
深圳市博硕科技股份有限公司,电子元器件
杭州天铭科技股份有限公司,机械设备
贵州中毅达股份有限公司,化工与新材料
深圳市同为数码科技股份有限公司,电子元器件
杭州安杰思医学科技股份有限公司,机械设备
贵州川恒化工股份有限公司,化工与新材料
深圳市唯特偶新材料股份有限公司,电子元器件
杭州宏华数码科技股份有限公司,机械设备
贵州红星发展股份有限公司,化工与新材料
深圳市奋达科技股份有限公司,电子元器件
杭州景业智能科技股份有限公司,机械设备
贵州赤天化股份有限公司,化工与新材料
深圳市奥拓电子股份有限公司,电子元器件
杭州楚环科技股份有限公司,机械设备
赞宇科技集团股份有限公司,化工与新材料
深圳市宇顺电子股份有限公司,电子元器件
杭州永创智能设备股份有限公司,机械设备
辽宁信德新材料科技(集团)股份有限公司,化工与新材料
深圳市宝明科技股份有限公司,电子元器件
杭州沪宁电梯部件股份有限公司,机械设备
辽宁奥克化学股份有限公司,化工与新材料
深圳市广和通无线股份有限公司,电子元器件
杭州爱科科技股份有限公司,机械设备
辽宁科隆精细化工股份有限公司,化工与新材料
深圳市康冠科技股份有限公司,电子元器件
杭州申昊科技股份有限公司,机械设备
辽宁鼎际得石化股份有限公司,化工与新材料
深圳市强达电路股份有限公司,电子元器件
杭州福斯达深冷装备股份有限公司,机械设备
道明光学股份有限公司,化工与新材料
深圳市得润电子股份有限公司,电子元器件
杭州联德精密机械股份有限公司,机械设备
道生天合材料科技(上海)股份有限公司,化工与新材料
深圳市慧为智能科技股份有限公司,电子元器件
杭氧集团股份有限公司,机械设备
重庆三峡油漆股份有限公司,化工与新材料
深圳市显盈科技股份有限公司,电子元器件
杰克科技股份有限公司,机械设备
重庆康普化学工业股份有限公司,化工与新材料
深圳市景旺电子股份有限公司,电子元器件
林州重机集团股份有限公司,机械设备
重庆登康口腔护理用品股份有限公司,化工与新材料
深圳市智动力精密技术股份有限公司,电子元器件
林海股份有限公司,机械设备
金三江(肇庆)硅材料股份有限公司,化工与新材料
深圳市智微智能科技股份有限公司,电子元器件
株洲中车时代电气股份有限公司,机械设备
金宏气体股份有限公司,化工与新材料
深圳市有方科技股份有限公司,电子元器件
株洲天桥起重机股份有限公司,机械设备
金正大生态工程集团股份有限公司,化工与新材料
深圳市朗科智能电气股份有限公司,电子元器件
格力博(江苏)股份有限公司,机械设备
金浦钛业股份有限公司,化工与新材料
深圳市朗科科技股份有限公司,电子元器件
森赫电梯股份有限公司,机械设备
金能科技股份有限公司,化工与新材料
深圳市欣天科技股份有限公司,电子元器件
楚天科技股份有限公司,机械设备
金陵华软科技股份有限公司,化工与新材料
深圳市汇创达科技股份有限公司,电子元器件
欧普康视科技股份有限公司,机械设备
钛能化学股份有限公司,化工与新材料
深圳市沃尔核材股份有限公司,电子元器件
武汉帝尔激光科技股份有限公司,机械设备
铜陵洁雅生物科技股份有限公司,化工与新材料
深圳市泛海统联精密制造股份有限公司,电子元器件
武汉恒立工程钻具股份有限公司,机械设备
长华化学科技股份有限公司,化工与新材料
深圳市洲明科技股份有限公司,电子元器件
武汉理工光科股份有限公司,机械设备
长沙族兴新材料股份有限公司,化工与新材料
深圳市漫步者科技股份有限公司,电子元器件
武汉逸飞激光股份有限公司,机械设备
长裕控股集团股份有限公司,化工与新材料
深圳市特发信息股份有限公司,电子元器件
永和流体智控股份有限公司,机械设备
陕西兴化化学股份有限公司,化工与新材料
深圳市瑞丰光电子股份有限公司,电子元器件
汇洲智能技术集团股份有限公司,机械设备
陕西北元化工集团股份有限公司,化工与新材料
深圳市科思科技股份有限公司,电子元器件
江苏万达特种轴承股份有限公司,机械设备
陕西美邦药业集团股份有限公司,化工与新材料
深圳市索菱实业股份有限公司,电子元器件
江苏久吾高科技股份有限公司,机械设备
陕西黑猫焦化股份有限公司,化工与新材料
深圳市纺织(集团)股份有限公司,电子元器件
江苏五洋自控技术股份有限公司,机械设备
雅本化学股份有限公司,化工与新材料
深圳市维海德技术股份有限公司,电子元器件
江苏亚威机床股份有限公司,机械设备
青岛东方铁塔股份有限公司,化工与新材料
深圳市绿联科技股份有限公司,电子元器件
江苏亚星锚链股份有限公司,机械设备
青岛康普顿科技股份有限公司,化工与新材料
深圳市联建光电股份有限公司,电子元器件
江苏京源环保股份有限公司,机械设备
青岛金王应用化学股份有限公司,化工与新材料
深圳市聚飞光电股份有限公司,电子元器件
江苏保丽洁环境科技股份有限公司,机械设备
青海盐湖工业股份有限公司,化工与新材料
深圳市致尚科技股份有限公司,电子元器件
江苏农华智慧农业科技股份有限公司,机械设备
青海金瑞矿业发展股份有限公司,化工与新材料
深圳市艾比森光电股份有限公司,电子元器件
江苏力星通用钢球股份有限公司,机械设备
鞍山七彩化学股份有限公司,化工与新材料
深圳市菲菱科思通信技术股份有限公司,电子元器件
江苏国茂减速机股份有限公司,机械设备
鲁商福瑞达医药股份有限公司,化工与新材料
深圳市豪恩汽车电子装备股份有限公司,电子元器件
江苏天元智能装备股份有限公司,机械设备
鲁西化工集团股份有限公司,化工与新材料
深圳市路畅科技股份有限公司,电子元器件
江苏如通石油机械股份有限公司,机械设备
麦加芯彩新材料科技(上海)股份有限公司,化工与新材料
深圳市路维光电股份有限公司,电子元器件
江苏威博液压股份有限公司,机械设备
龙口联合化学股份有限公司,化工与新材料
深圳市迅捷兴科技股份有限公司,电子元器件
江苏康众数字医疗科技股份有限公司,机械设备
龙星科技集团股份有限公司,化工与新材料
深圳市远望谷信息技术股份有限公司,电子元器件
江苏必得科技股份有限公司,机械设备
深圳市道通科技股份有限公司,电子元器件
江苏新日电动车股份有限公司,机械设备
深圳市金溢科技股份有限公司,电子元器件
江苏新美星包装机械股份有限公司,机械设备
深圳市金百泽电子科技股份有限公司,电子元器件
江苏晟楠电子科技股份有限公司,机械设备
深圳市长盈精密技术股份有限公司,电子元器件
江苏永大化工机械股份有限公司,机械设备
深圳市隆利科技股份有限公司,电子元器件
江苏汉邦科技股份有限公司,机械设备
深圳市雄帝科技股份有限公司,电子元器件
江苏江顺精密科技集团股份有限公司,机械设备
深圳市飞荣达科技股份有限公司,电子元器件
江苏洪田科技股份有限公司,机械设备
深圳市鸿富瀚科技股份有限公司,电子元器件
江苏海鸥冷却塔股份有限公司,机械设备
深圳市麦捷微电子科技股份有限公司,电子元器件
江苏润邦重工股份有限公司,机械设备
深圳新宙邦科技股份有限公司,电子元器件
江苏爱朋医疗科技股份有限公司,机械设备
深圳明阳电路科技股份有限公司,电子元器件
江苏神通阀门股份有限公司,机械设备
深圳朗特智能控制股份有限公司,电子元器件
江苏联测机电科技股份有限公司,机械设备
深圳欧陆通电子股份有限公司,电子元器件
江苏迈信林航空科技股份有限公司,机械设备
深圳清溢光电股份有限公司,电子元器件
江苏锡华新能源科技股份有限公司,机械设备
深圳秋田微电子股份有限公司,电子元器件
江苏长龄液压股份有限公司,机械设备
深圳科安达电子科技股份有限公司,电子元器件
江西华伍制动器股份有限公司,机械设备
深圳英飞拓科技股份有限公司,电子元器件
江西国科军工集团股份有限公司,机械设备
深圳莱宝高科技股份有限公司,电子元器件
江西日月明测控科技股份有限公司,机械设备
深圳贝仕达克技术股份有限公司,电子元器件
江西江钨稀贵装备股份有限公司,机械设备
深圳雷曼光电科技股份有限公司,电子元器件
江西洪都航空工业股份有限公司,机械设备
深圳雷柏科技股份有限公司,电子元器件
江西百胜智能科技股份有限公司,机械设备
深圳震有科技股份有限公司,电子元器件
江西福事特液压股份有限公司,机械设备
深圳顺络电子股份有限公司,电子元器件
江西耐普矿机股份有限公司,机械设备
湖北东田微科技股份有限公司,电子元器件
江龙船艇科技股份有限公司,机械设备
湖北中一科技股份有限公司,电子元器件
沈阳机床股份有限公司,机械设备
湖北五方光电股份有限公司,电子元器件
沈阳蓝英工业自动化装备股份有限公司,机械设备
湖北兴福电子材料股份有限公司,电子元器件
沈阳远大智能工业集团股份有限公司,机械设备
湖北龙辰科技股份有限公司,电子元器件
河北恒工精密装备股份有限公司,机械设备
湖南艾华集团股份有限公司,电子元器件
河北瑞星燃气设备股份有限公司,机械设备
潍坊智新电子股份有限公司,电子元器件
河南思维自动化设备股份有限公司,机械设备
潮州三环(集团)股份有限公司,电子元器件
法兰泰克重工股份有限公司,机械设备
瀛通通讯股份有限公司,电子元器件
泰尔重工股份有限公司,机械设备
烟台德邦科技股份有限公司,电子元器件
泰瑞机器股份有限公司,机械设备
烽火通信科技股份有限公司,电子元器件
洛阳北方玻璃技术股份有限公司,机械设备
熵基科技股份有限公司,电子元器件
洛阳新强联回转支承股份有限公司,机械设备
环旭电子股份有限公司,电子元器件
济南恒誉环保科技股份有限公司,机械设备
珠海光库科技股份有限公司,电子元器件
浙江万得凯流体设备科技股份有限公司,机械设备
珠海安联锐视科技股份有限公司,电子元器件
浙江三花智能控制股份有限公司,机械设备
珠海市智迪科技股份有限公司,电子元器件
浙江严牌过滤技术股份有限公司,机械设备
珠海科瑞思科技股份有限公司,电子元器件
浙江中力机械股份有限公司,机械设备
珠海雷特科技股份有限公司,电子元器件
浙江中坚科技股份有限公司,机械设备
珠海高凌信息科技股份有限公司,电子元器件
浙江丰安齿轮股份有限公司,机械设备
瑞斯康达科技发展股份有限公司,电子元器件
浙江丰立智能科技股份有限公司,机械设备
生益电子股份有限公司,电子元器件
浙江五洲新春集团股份有限公司,机械设备
电连技术股份有限公司,电子元器件
浙江亚光科技股份有限公司,机械设备
神宇通信科技股份公司,电子元器件
浙江亿利达风机股份有限公司,机械设备
福州达华智能科技股份有限公司,电子元器件
浙江众合科技股份有限公司,机械设备
福建星网锐捷通讯股份有限公司,电子元器件
浙江前进暖通科技股份有限公司,机械设备
福建火炬电子科技股份有限公司,电子元器件
浙江力聚热能装备股份有限公司,机械设备
福建福日电子股份有限公司,电子元器件
浙江力诺流体控制科技股份有限公司,机械设备
福建福晶科技股份有限公司,电子元器件
浙江华业塑料机械股份有限公司,机械设备
福建阿石创新材料股份有限公司,电子元器件
浙江华洋赛车股份有限公司,机械设备
科大国盾量子技术股份有限公司,电子元器件
浙江双元科技股份有限公司,机械设备
科沃斯机器人股份有限公司,电子元器件
浙江同星科技股份有限公司,机械设备
立讯精密工业股份有限公司,电子元器件
浙江坤博精工科技股份有限公司,机械设备
紫光股份有限公司,电子元器件
浙江夏厦精密制造股份有限公司,机械设备
维信诺科技股份有限公司,电子元器件
浙江大丰实业股份有限公司,机械设备
维峰电子股份有限公司,电子元器件
浙江大元泵业股份有限公司,机械设备
美格智能技术股份有限公司,电子元器件
浙江大农实业股份有限公司,机械设备
联创电子科技股份有限公司,电子元器件
浙江天台祥和实业股份有限公司,机械设备
胜宏科技(惠州)股份有限公司,电子元器件
浙江康盛股份有限公司,机械设备
胜蓝科技股份有限公司,电子元器件
浙江开创电气股份有限公司,机械设备
腾景科技股份有限公司,电子元器件
浙江志高机械股份有限公司,机械设备
航天南湖电子信息技术股份有限公司,电子元器件
浙江恒道科技股份有限公司,机械设备
航天工业发展股份有限公司,电子元器件
浙江拱东医疗器械股份有限公司,机械设备
芜湖埃泰克汽车电子股份有限公司,电子元器件
浙江新柴股份有限公司,机械设备
芜湖长信科技股份有限公司,电子元器件
浙江日发精密机械股份有限公司,机械设备
芜湖雅葆轩电子科技股份有限公司,电子元器件
浙江春晖智能控制股份有限公司,机械设备
苏州上声电子股份有限公司,电子元器件
浙江春风动力股份有限公司,机械设备
苏州世华新材料科技股份有限公司,电子元器件
浙江普莱得电器股份有限公司,机械设备
苏州东山精密制造股份有限公司,电子元器件
浙江梅轮电梯股份有限公司,机械设备
苏州东微半导体股份有限公司,电子元器件
浙江泰坦股份有限公司,机械设备
苏州光格科技股份有限公司,电子元器件
浙江泰林生物技术股份有限公司,机械设备
苏州可川电子科技股份有限公司,电子元器件
浙江泰福泵业股份有限公司,机械设备
苏州和林微纳科技股份有限公司,电子元器件
浙江海德曼智能装备股份有限公司,机械设备
苏州天孚光通信股份有限公司,电子元器件
浙江涛涛车业股份有限公司,机械设备
苏州天禄光科技股份有限公司,电子元器件
浙江炜冈科技股份有限公司,机械设备
苏州天脉导热科技股份有限公司,电子元器件
浙江瑞晟智能科技股份有限公司,机械设备
苏州安洁科技股份有限公司,电子元器件
浙江田中精机股份有限公司,机械设备
苏州市世嘉科技股份有限公司,电子元器件
浙江百达精工股份有限公司,机械设备
苏州市新广益电子股份有限公司,电子元器件
浙江盾安人工环境股份有限公司,机械设备
苏州恒铭达电子科技股份有限公司,电子元器件
浙江精工集成科技股份有限公司,机械设备
苏州昀冢电子科技股份有限公司,电子元器件
浙江英特科技股份有限公司,机械设备
苏州易德龙科技股份有限公司,电子元器件
浙江荣亿精密机械股份有限公司,机械设备
苏州春秋电子科技股份有限公司,电子元器件
浙江菲达环保科技股份有限公司,机械设备
苏州清越光电科技股份有限公司,电子元器件
浙江越剑智能装备股份有限公司,机械设备
苏州瑞可达连接系统股份有限公司,电子元器件
浙江迦南科技股份有限公司,机械设备
苏州科达科技股份有限公司,电子元器件
浙江迪贝电气股份有限公司,机械设备
苏州胜利精密制造科技股份有限公司,电子元器件
浙江通力传动科技股份有限公司,机械设备
苏州苏大维格科技集团股份有限公司,电子元器件
浙江金沃精工股份有限公司,机械设备
苏州锦富技术股份有限公司,电子元器件
浙江金海高科股份有限公司,机械设备
苏州鼎佳精密科技股份有限公司,电子元器件
浙江金盾风机股份有限公司,机械设备
英诺激光科技股份有限公司,电子元器件
浙江金道科技股份有限公司,机械设备
茂硕电源科技股份有限公司,电子元器件
浙江钱江摩托股份有限公司,机械设备
蓝思科技股份有限公司,电子元器件
浙江锋龙电气股份有限公司,机械设备
蘅东光通讯技术(深圳)股份有限公司,电子元器件
浙江长盛滑动轴承股份有限公司,机械设备
西安天和防务技术股份有限公司,电子元器件
浙江鼎力机械股份有限公司,机械设备
西安奕斯伟材料科技股份有限公司,电子元器件
浙矿重工股份有限公司,机械设备
西安晨曦航空科技股份有限公司,电子元器件
海目星激光科技集团股份有限公司,机械设备
西安诺瓦星云科技股份有限公司,电子元器件
深圳信隆健康产业发展股份有限公司,机械设备
视涯科技股份有限公司,电子元器件
深圳华大智造科技股份有限公司,机械设备
贝隆精密科技股份有限公司,电子元器件
深圳市佳士科技股份有限公司,机械设备
贵州航天电器股份有限公司,电子元器件
深圳市利和兴股份有限公司,机械设备
赣州逸豪新材料股份有限公司,电子元器件
深圳市和科达精密清洗设备股份有限公司,机械设备
超颖电子电路股份有限公司,电子元器件
深圳市大族数控科技股份有限公司,机械设备
邦彦技术股份有限公司,电子元器件
深圳市尚荣医疗股份有限公司,机械设备
郑州天迈科技股份有限公司,电子元器件
深圳市强瑞精密技术股份有限公司,机械设备
重庆市泓禧科技股份有限公司,电子元器件
深圳市恒运昌真空技术股份有限公司,机械设备
金安国纪集团股份有限公司,电子元器件
深圳市新国都股份有限公司,机械设备
金禄电子科技股份有限公司,电子元器件
深圳市智信精密仪器股份有限公司,机械设备
钧崴电子科技股份有限公司,电子元器件
深圳市智莱科技股份有限公司,机械设备
锐捷网络股份有限公司,电子元器件
深圳市曼恩斯特科技股份有限公司,机械设备
长沙景嘉微电子股份有限公司,电子元器件
深圳市燕麦科技股份有限公司,机械设备
长芯博创科技股份有限公司,电子元器件
深圳市瑞凌实业集团股份有限公司,机械设备
长飞光纤光缆股份有限公司,电子元器件
深圳市联赢激光股份有限公司,机械设备
陕西华达科技股份有限公司,电子元器件
深圳市誉辰智能装备股份有限公司,机械设备
陕西烽火电子股份有限公司,电子元器件
深圳市银宝山新科技股份有限公司,机械设备
陕西莱特光电材料股份有限公司,电子元器件
深圳开立生物医疗科技股份有限公司,机械设备
隆扬电子(昆山)股份有限公司,电子元器件
深圳精智达技术股份有限公司,机械设备
青岛雷神科技股份有限公司,电子元器件
深圳通业科技股份有限公司,机械设备
青鸟智慧控制科技股份有限公司,电子元器件
清研环境科技股份有限公司,机械设备
高斯贝尔数码科技股份有限公司,电子元器件
湖北东贝机电集团股份有限公司,机械设备
鸿合科技股份有限公司,电子元器件
湖北华嵘控股股份有限公司,机械设备
鸿日达科技股份有限公司,电子元器件
湖北超卓航空科技集团股份有限公司,机械设备
鹏鼎控股(深圳)股份有限公司,电子元器件
湖南五新智能装备集团股份有限公司,机械设备
湖南华曙高科技股份有限公司,机械设备
湖南宇晶机器股份有限公司,机械设备
湖南崇德科技股份有限公司,机械设备
湖南泰嘉新材料科技股份有限公司,机械设备
湖南航天环宇通信科技股份有限公司,机械设备
湖南飞沃新能源科技股份有限公司,机械设备
潍柴重机股份有限公司,机械设备
炼石航空科技股份有限公司,机械设备
烟台杰瑞石油服务集团股份有限公司,机械设备
烟台正海生物科技股份有限公司,机械设备
烟台石川密封科技股份有限公司,机械设备
烟台艾迪精密机械股份有限公司,机械设备
爱司凯科技股份有限公司,机械设备
爱玛科技集团股份有限公司,机械设备
爱美客技术发展股份有限公司,机械设备
爱迪特(秦皇岛)科技股份有限公司,机械设备
特瑞斯能源装备股份有限公司,机械设备
珠海市南特金属科技股份有限公司,机械设备
珠海锐翔智能科技股份有限公司,机械设备
瑞鹄汽车模具股份有限公司,机械设备
瓦房店轴承股份有限公司,机械设备
甘肃蓝科石化高新装备股份有限公司,机械设备
申科滑动轴承股份有限公司,机械设备
电光防爆科技股份有限公司,机械设备
盈峰环境科技集团股份有限公司,机械设备
研奥电气股份有限公司,机械设备
神州高铁技术股份有限公司,机械设备
福建南方路面机械股份有限公司,机械设备
福建省铁拓机械股份有限公司,机械设备
福建雪人集团股份有限公司,机械设备
福建龙溪轴承(集团)股份有限公司,机械设备
福立旺精密机电(中国)股份有限公司,机械设备
科大智能科技股份有限公司,机械设备
科威尔技术股份有限公司,机械设备
科捷智能科技股份有限公司,机械设备
第一拖拉机股份有限公司,机械设备
纽威数控装备(苏州)股份有限公司,机械设备
绿田机械股份有限公司,机械设备
美埃(中国)环境科技股份有限公司,机械设备
航天彩虹无人机股份有限公司,机械设备
航天时代电子技术股份有限公司,机械设备
航天晨光股份有限公司,机械设备
航天长征化学工程股份有限公司,机械设备
苏州仕净科技股份有限公司,机械设备
苏州卓兆点胶股份有限公司,机械设备
苏州天沃科技股份有限公司,机械设备
苏州德龙激光股份有限公司,机械设备
苏州瀚川智能科技股份有限公司,机械设备
苏州纽威阀门股份有限公司,机械设备
苏州绿的谐波传动科技股份有限公司,机械设备
苏州艾隆科技股份有限公司,机械设备
苏州英华特涡旋技术股份有限公司,机械设备
苏州赛腾精密电子股份有限公司,机械设备
苏州轴承厂股份有限公司,机械设备
苏州迈为科技股份有限公司,机械设备
荣旗工业科技(苏州)股份有限公司,机械设备
融发核电设备股份有限公司,机械设备
襄阳博亚精工装备股份有限公司,机械设备
西子清洁能源装备制造股份有限公司,机械设备
西安三角防务股份有限公司,机械设备
西安标准工业股份有限公司,机械设备
西安泰金新能科技股份有限公司,机械设备
西安铂力特增材技术股份有限公司,机械设备
西安陕鼓动力股份有限公司,机械设备
诺力智能装备股份有限公司,机械设备
贵州航宇科技发展股份有限公司,机械设备
软控股份有限公司,机械设备
辽宁春光智能装备集团股份有限公司,机械设备
迈赫机器人自动化股份有限公司,机械设备
远信工业股份有限公司,机械设备
迪瑞医疗科技股份有限公司,机械设备
通用电梯股份有限公司,机械设备
邢台纳科诺尔精轧科技股份有限公司,机械设备
邵阳维克液压股份有限公司,机械设备
重庆宗申动力机械股份有限公司,机械设备
重庆山外山血液净化技术股份有限公司,机械设备
重庆市旺成科技股份有限公司,机械设备
重庆瑜欣平瑞电子股份有限公司,机械设备
重庆美心翼申机械股份有限公司,机械设备
金通灵科技集团股份有限公司,机械设备
金雷科技股份公司,机械设备
金风科技股份有限公司,机械设备
金鹰重型工程机械股份有限公司,机械设备
鑫磊压缩机股份有限公司,机械设备
银川威力传动技术股份有限公司,机械设备
银都餐饮设备股份有限公司,机械设备
锐奇控股股份有限公司,机械设备
镇江三维输送装备股份有限公司,机械设备
镇江东方电热科技股份有限公司,机械设备
长江三星能源科技股份有限公司,机械设备
长虹华意压缩机股份有限公司,机械设备
阳普医疗科技股份有限公司,机械设备
陕西中天火箭技术股份有限公司,机械设备
陕西同力重工股份有限公司,机械设备
陕西航天动力高科技股份有限公司,机械设备
隆华科技集团(洛阳)股份有限公司,机械设备
隆鑫通用动力股份有限公司,机械设备
雄安新动力科技股份有限公司,机械设备
青岛丰光精密机械股份有限公司,机械设备
青岛伟隆阀门股份有限公司,机械设备
青岛国林科技集团股份有限公司,机械设备
青岛威奥轨道股份有限公司,机械设备
青岛征和工业股份有限公司,机械设备
青岛德固特节能装备股份有限公司,机械设备
青岛海容商用冷链股份有限公司,机械设备
青岛海尔生物医疗股份有限公司,机械设备
青岛海泰新光科技股份有限公司,机械设备
青岛海泰科模塑科技股份有限公司,机械设备
青岛盘古智能制造股份有限公司,机械设备
青岛达能环保设备股份有限公司,机械设备
青岛高测科技股份有限公司,机械设备
青海华鼎实业股份有限公司,机械设备
鞍山森远路桥股份有限公司,机械设备
鹤壁海昌智能科技股份有限公司,机械设备
